,0,1,2,3,4,5,6,7,8,9,10,11,12,13,14,15,16,17,18,19,20,21,22,23,24,25,26,27,28,29,30,31,32,33,34,35,36,37,38,39,40,41,42,43,44,45,46
0,0.0,-3.069976282291727,-3.114166412082861,-2.2314038909524094,-3.128106859768504,-4.125411760921855,-1.4504983492685182,-2.0998667185890696,-3.04832198756289,-0.4304474071777807,-0.31949087867853987,-1.0748287270269843,-0.6883585701184456,-0.34872482384275033,-0.7882581032324114,-0.42018898986015757,-0.6876113374077343,-0.3541257716767311,0.025552249865515932,-0.3115899442339537,-0.2729180293816182,-0.9634085740112636,-0.5868492218772651,-0.7172705726187496,-1.556210908535127,-2.768152915405214,-0.09260461203014472,-3.037853400160707,0.01455186138077039,-2.541004833659898,-2.5467952180713835,-2.197569761081174,-3.13818873767225,-3.7871522335437025,-2.875015610762846,-0.0008883661582891022,-2.0865549967876214,-2.133821896769022,-1.6456745913494426,-2.097863415925458,-2.3640145052810433,-2.1044252640813235,-2.3599424352012335,-2.7128780822209744,-2.505200401807037,-2.5970161147304713,0.019659966790934787
1,-4.2445403468718,0.0,-0.570142016325089,-0.4194800140428566,-0.5117352795512002,-0.5001009897738266,-1.0352050811045392,-0.37307887394994993,-0.04904395750069171,-4.374665935457956,-4.383203278997678,-5.573776853009419,-5.3033615488241646,-3.856618687682954,-4.612041583767967,-4.42830362393926,-5.28182444442574,-3.8918056160448398,-4.25119776162694,-3.482402830620968,-3.3215012808682576,-3.811047375050892,-3.9852386150800245,-4.228672309831831,-4.403412307876575,-6.130523254236844,-4.288111341395747,-5.715047804039484,-4.253394596674549,-5.041038421274295,-5.005571133198717,-5.3364871824199165,-6.82358453177443,-7.472600524988003,-6.560743889776199,-4.2439506913940885,-1.002730468941316,-0.9057405699209068,-0.9954470695627362,-1.1556157170019161,-2.1943933807094074,-2.1991567297794274,-1.0457504191058182,-0.6820143058552575,-2.187921106062142,-1.0437708026817551,-4.248286491264385
2,-4.228769035902449,-0.8699910470638957,0.0,-0.28439443057527425,-1.291300169779735,-0.930236029862543,-0.8528514943508907,-0.5493731856547084,-0.7834458944678494,-4.46720056257159,-4.472516709155548,-5.203853236106224,-4.933256464258806,-3.917575475915426,-4.241717801391053,-4.057756063600174,-4.911719359860382,-3.952762404277304,-4.235426450657579,-3.341730981635894,-3.3824578003406733,-2.6482141104325936,-3.6146548038667867,-3.8580571838250424,-2.893395250576459,-5.760599085404718,-4.2723400304263865,-6.7253385604363976,-4.237623285705189,-6.221916377413965,-6.22807951517839,-6.322143916015515,-6.8210381223170975,-7.469958759022827,-6.5579722178828765,-4.228179380424729,-0.8470277682418549,-0.7212206942625798,-0.8108893920304132,-1.0894666368757369,-2.274953557778263,-2.0153643165785433,-1.4749273600758857,-1.2781941040584484,-2.3781283435751286,-1.6399454020644364,-4.232515180295025
3,-4.096520408815437,-0.6404627362358011,-0.18520847431156198,0.0,-1.0617780116626458,-0.8480325183082573,-0.8102317812132074,-0.38862743827127727,-0.5547181293764163,-4.334951935484579,-4.340270912628177,-5.071603278181943,-4.801003721722428,-3.785356493925414,-4.109864672399471,-3.9259318330388733,-4.779466617324004,-3.820543422287301,-4.103177823570577,-3.209588621530972,-3.2503022347359165,-2.386298639986916,-3.4830617037115195,-3.726495398463334,-2.6934206782551944,-5.62834634286834,-4.140091403339375,-6.581883384936369,-4.105374658618187,-6.076797178915265,-6.082964537928245,-6.178599754103915,-6.675860942179246,-7.32470949275795,-6.412902470154631,-4.095930753337718,-0.8044080551041717,-0.6786009811248882,-0.7682696788927299,-1.0468469237380538,-2.2323338446405714,-1.9727446034408518,-1.274455303046861,-1.0814252221085683,-2.3355086304374453,-1.4431784950959332,-4.100266553208022
4,-4.591768909596315,-0.3519598617742241,-0.8830444584675254,-0.7902015654232315,0.0,-0.6198069063680589,-1.1856254978634957,-0.49662773378107805,-0.376070309941316,-4.412894393533019,-4.421431737072742,-5.612018434141925,-5.3414216622945085,-3.8947450362057627,-4.649882999426755,-4.465921261635876,-5.319884557896085,-3.9299319645676416,-4.598426324351444,-3.5206488580109747,-3.3596907770162647,-3.848678329711527,-4.02279186037322,-4.266225555125027,-4.441653337080159,-6.168764283440419,-4.6353399041202525,-5.751990855165759,-4.6006231593990545,-5.079202287131119,-5.04373499905554,-5.374630180064776,-7.171118337065349,-7.820068212364818,-6.908159865040734,-4.591179254118594,-0.8135006050921055,-0.7165107060716962,-0.8061794038395379,-0.9663777923703161,-2.2326343169055325,-2.2130929123644782,-0.9883762306271888,-0.4927513903362149,-2.2261620422582755,-0.8853820564026557,-4.59551505398889
5,-5.813061691953029,-0.3317184345095248,-0.5440530132783484,-0.5528314626588238,-0.5616633309005139,0.0,-1.3362597956106157,-0.6742603990000714,-0.35582888267660845,-6.051498233878719,-6.056816710903764,-6.095447380950213,-5.825032076764957,-5.50210130399335,-5.133751967598717,-4.9499741518800455,-5.803494972366534,-5.537288232355237,-5.819719106708169,-4.004534067520611,-4.966928089021201,-4.332717902991677,-4.5069267651848,-4.75033479373145,-5.2711547884231695,-6.65222376739528,-5.856632686476968,-8.29971007502275,-5.82191594175577,-7.7909204383810176,-7.797087797394005,-5.858024954189376,-8.389873814030638,-9.038833160319902,-8.1270331720324,-5.812472036475309,-1.2972359046635966,-1.1992318920991423,-1.2889237952029382,-1.4855610690327894,-2.71608467438815,-2.6965887411934863,-1.4722601636082735,-0.9765655538720628,-2.709594975989328,-1.368907165173368,-5.816807836345605
6,-3.2859476900949343,-1.1492479131208264,-0.7603310137726643,-0.8622682904302295,-1.4331656555722085,-1.6176339702139517,0.0,-0.7302941786180518,-1.1276076156843464,-3.5243792167640757,-3.529674720338016,-4.2555626572995084,-3.9849780025715456,-2.974871656851721,-3.2989090941733608,-3.114993085236118,-3.9634408981731215,-3.0100709999202833,-3.292605104850073,-2.3989842679965574,-2.43958852335889,-1.6557982343525095,-2.671266102397145,-2.9147052823894772,-1.961129551495318,-4.817896509939154,-3.3295186846188725,-5.778774248140507,-3.294801939897675,-5.276809674411596,-5.2829256156636415,-5.375716506046611,-5.875298741969329,-6.524154348453426,-5.61208705755315,-3.285358034617214,-1.0279049427874227,-0.9020978688081394,-0.6036260732867118,-1.2703443117928552,-2.4558134930916746,-2.196301589343274,-1.6684281009475066,-1.4591127943099962,-2.5589432547714823,-1.8208640923159765,-3.2896938344875104
7,-3.8827262955205817,-0.4322896246256016,-0.4020599318604741,-0.25073754053047026,-0.7162006160765398,-0.900619315160747,-0.6755091478120127,0.0,-0.4106603463362882,-4.121157822189724,-4.1264739687736895,-5.227341326096346,-4.956744554248922,-3.571528620084192,-4.265586799985685,-4.0816250621947985,-4.935207449850497,-3.6067155484460702,-3.8893837102757205,-3.1359717499653956,-3.0364109445094396,-2.2512661313622244,-3.6381054693639,-3.8815391641157153,-2.558464292742231,-5.784087175394832,-3.9262972900445288,-6.369407762523869,-3.8915805453233223,-5.864412111949897,-5.870575249714322,-5.9661898417018175,-6.46348507014995,-7.112451191705092,-6.200467952418808,-3.882136640042862,-0.6695858752247875,-0.5437788012455042,-0.6334407498114533,-0.8254256211747452,-2.0975116647611873,-1.8379224235614677,-0.9338355167709503,-0.7423075532409792,-2.2004690191383105,-1.104064050067477,-3.8864724399131583
8,-4.212479128067053,-0.03744213586934762,-0.5380807975203413,-0.3874187952381089,-0.5220054963128166,-0.5103712065354347,-1.0031438622997917,-0.34101765514520227,0.0,-4.3426532767400285,-4.35119062027975,-5.541764194291499,-5.271348890106244,-3.8246060289650257,-4.580028925050039,-4.396290965221332,-5.249811785707821,-3.8597929573269116,-4.219136542822192,-3.4503901719030403,-3.28948862215033,-3.7790347163329634,-3.9532259563620964,-4.196659651113903,-4.371399649158648,-6.098510595518916,-4.256050122590991,-5.683035145321556,-4.221333377869794,-5.009025762556368,-4.973558474480789,-5.304474523701988,-6.791523312969682,-7.440539306183256,-6.528682670971444,-4.211889472589332,-0.9706692501365599,-0.8736793511161591,-0.9633858507579884,-1.1235544981971683,-2.1623807219914792,-2.16709551097468,-1.0136892003010625,-0.6499530870505015,-2.1559084473442143,-1.0117095838770074,-4.21622527245963
9,-0.01869196027369469,-2.8970186401776674,-2.9438111742302504,-2.0582363397801418,-2.954952255272531,-3.955097741934211,-1.277326766022535,-1.9266958030295642,-2.8753643454488302,0.0,-0.06815943986981524,-0.7568393373477783,-0.37040681717674684,-0.09739598267502629,-0.598906741568926,-0.16886014869243354,-0.36965958446603564,-0.10279433286800639,-0.025349375028825137,-0.35505206580160975,-0.2457477332491743,-0.7902527009765316,-0.909528424734114,-0.8669470987832937,-1.3830614275921975,-2.3853631853968036,-0.062262954797632795,-2.2349584655084977,-0.027546210076435214,-2.2436722409496657,-2.249462625361151,-1.8580857625913831,-2.8409014043332186,-3.489842642605169,-2.5776674242595026,-0.018102304795974362,-1.913403749993115,-1.9606706499745157,-1.4725013770498898,-1.9247121691309603,-2.190865024338114,-1.9312757831383942,-2.186791188406735,-2.5399119855626773,-2.3320509208640994,-2.4239072879348385,-0.022438104666270817
10,-0.3239951994161299,-3.4690664772915807,-3.359489421656461,-2.4781549945140102,-3.527185419514877,-4.370713080923671,-1.6972069409630373,-2.346575310283597,-3.4474121825627355,-0.4779846842426133,0.0,-0.7972419318752083,-0.4108251913792216,-0.05277824599987639,-0.5107170496228565,-0.12424241201728363,-0.41007795866851043,-0.058176596192864735,-0.33065261417126035,-0.2347900714985167,-0.1961304124665179,-0.7913672379963,-0.5396885271582337,-0.4209323087733719,-0.8602824113273991,-2.375565015666732,-0.367566193940068,-3.375891103027062,-0.33284944921887044,-2.8790425365262537,-2.8848329209377392,-2.282245771443026,-3.4762624927242736,-4.125189936410059,-3.2130533136292008,-0.32340554393840965,-2.4856706694464736,-2.533089131529395,-1.8923831830439701,-2.496965046574112,-2.763098896697549,-2.503586992949148,-2.759044065849887,-3.111962473449952,-2.9043054674495328,-2.9961177453791246,-0.32774134380870606
11,-0.41957096893822327,-3.436417706912523,-3.397656371111487,-2.9919051075101164,-3.4945447944091583,-4.40896207523305,-1.7364555278102907,-2.8603254232797033,-3.414763412183686,-0.5401473690947546,-0.12741176092584225,0.0,-0.11856399992305426,0.05256296843854102,-0.07027559441187549,-0.036304263286498044,-0.09703641327930626,-0.030043107787295468,-0.4262283836933619,-0.1468920084482346,-0.10822009359589914,-0.7587132375638225,-0.5298996796302831,-0.37169129697377284,-1.3515219641794887,-1.8901104375038402,-0.46314196346216135,-3.116813851371109,-0.4284252187409638,-2.619965284870301,-2.6257556692817863,-2.713844010835456,-3.2171491888826527,-3.8661126847541056,-2.9539867310057093,-0.4189813134605029,-2.4530090190955915,-2.500290586295399,-1.9316317698912153,-2.464317438233437,-2.7304402797079854,-2.4708792863893025,-2.7263964575092126,-3.0793213771198142,-2.871639374351924,-2.9634701370384415,-0.4233171133307994
12,-0.44545814836265946,-3.525615935810878,-3.48759306884861,-3.0810779417809337,-3.5837483835656987,-4.498888614136041,-1.8256503868884162,-2.9494982575505206,-3.5039616410820327,-0.566020530322979,-0.15331275650173495,-0.5099887948468691,0.0,-0.011558813039153222,-0.13430915737828714,-0.10042604476419228,-0.03374462261199085,-0.09416488926498971,-0.45211556311779816,-0.21098828414181867,-0.17231636928948318,-0.8479007390530463,-0.5325847022715464,-0.3744018244534749,-1.440709465668704,-1.9793600046943007,-0.4890291428865976,-3.1870487735279904,-0.4543123981654,-2.690200207027174,-2.695990591438659,-2.7840571028985677,-3.2874201632252023,-3.9363211828646025,-3.024195390337011,-0.44486849288494734,-2.5421965205848074,-2.5894634205662084,-2.0208266289693486,-2.553504939722653,-2.8196560290782378,-2.560066787878518,-2.815583958998428,-3.1685196060181693,-2.9608268758411396,-3.0526576385276654,-0.4492042927552356
13,-0.6185616670798061,-3.4420616048303945,-3.070957872433202,-2.188195351302759,-3.5001839645084707,-4.082175280756646,-1.4072898096188677,-2.0566581789394194,-3.4204073101015573,-0.7725511519062978,-0.3181081708583497,-0.8084514926520643,-0.48114847920594367,0.0,-0.4327718551834823,-0.09730671022878966,-0.45962089256219574,-0.09104555472958707,-0.6252190818349448,-0.20785279554612998,-0.16907895577465154,-0.7643363199958189,-0.5126212037150947,-0.39390778286469325,-0.8332578854187122,-2.2778227024995044,-0.6621326616037442,-3.692894106520739,-0.6274159168825466,-3.19604554001993,-3.201859076445082,-3.2899038339244036,-3.793229444032282,-4.442189332539157,-3.5300669861553384,-0.6179720116020857,-2.45863210152758,-2.505899001508989,-1.6024660516997924,-2.4699405206654252,-2.73609161002101,-2.4765023688212904,-2.7320195399412004,-3.0849551869609417,-2.8772775065470038,-2.969093219470438,-0.6223078114723821
14,-1.0173742587458696,-3.3707063907339156,-3.334266159624149,-2.925968022244115,-3.428682275122073,-4.345511508463151,-1.6705980968098142,-2.794430849880775,-3.349052096005079,-1.3486043901995661,-0.7381199241878983,-0.9268838112820074,-0.5995807978358869,-0.42845382947429156,0.0,-0.16620797555664296,-0.5780532111921388,-0.5110599057001282,-1.0240316735010082,-0.5396242208145676,-0.3805200754397842,-0.6928465935607057,-0.4283703518955463,-0.2694885235812484,-0.7489425393166568,-1.7933511257470178,-1.0609452532698158,-3.8505792722466095,-1.0262285085486103,-3.353731375905495,-3.359544912330647,-3.447578630700374,-3.950932184760337,-4.599874498265029,-3.687752151881202,-1.0167846032681576,-2.3871406092408898,-2.4344075092222988,-1.8657743388907386,-2.3984490283787347,-2.664601883585897,-2.4050126423861773,-2.66052804765451,-3.0136081906631635,-2.8057877801118822,-2.8976034930353247,-1.021120403138454
15,-0.8458676073122038,-3.3564872756895405,-3.3210207840693724,-2.9117188105549636,-3.414443111794106,-4.332325867776101,-1.6563298730739044,-2.780181638191624,-3.3348329809607034,-0.9998581271808076,-0.5454141110907474,-1.0531587966893574,-0.725857485145965,-0.2531484844437719,-0.36341344499912087,0.0,-0.704329898502217,-0.3183514949619766,-0.8525250220673342,-0.1514563389551478,-0.2233494288296643,-0.6785783698247957,-0.4268441312414498,-0.3081307103910402,-0.7474163186625602,-2.1826566213818688,-0.8894386018361419,-4.013546401004254,-0.8547218571149444,-3.5167066243761465,-3.5225201608012986,-3.61067008763894,-4.113889844185945,-4.762841627022657,-3.8507192806388457,-0.8452779518344834,-2.372882686129463,-2.420149586110872,-1.8514809525288107,-2.3841911052673086,-2.650333659849987,-2.390744418650267,-2.646259823918608,-2.99938062107455,-2.7915195563759805,-2.8833759234467116,-0.8496137517047799
16,-0.4805048399820618,-3.530162046925071,-3.4924832727043356,-3.0856103721850063,-3.5882844066031483,-4.5037069319715535,-1.83020079201092,-2.954030687954593,-3.508507752196226,-0.6010672219423813,-0.18835944812113722,-0.5145248178843187,-0.06272519522353548,-0.016094836076602802,-0.1388451804157367,-0.10496206780164187,0.0,-0.0987009123024393,-0.48716225473720043,-0.21550972728286666,-0.17683781243053118,-0.8524367620904959,-0.5377037362610235,-0.37949535360451336,-1.4452454887061539,-1.9838960277317506,-0.5240758345059999,-3.222095465147385,-0.48935908978480225,-2.725246898646576,-2.7310372830580616,-2.8190883856647746,-3.322430802658928,-3.971394298530381,-3.0592576757495236,-0.4799151845043414,-2.546732543622257,-2.5939994436036664,-2.0253770340918527,-2.5580409627601024,-2.824192052115687,-2.5646028109159675,-2.8201199820358775,-3.1730556290556184,-2.965377948641673,-3.057193661565115,-0.4842509843746379
17,-0.598160784271032,-3.069956611892775,-3.1124244290542835,-2.231381347540159,-3.128051698426041,-4.123648088321493,-1.450492522452957,-2.0998016633097376,-3.048302317163938,-0.7521513041396358,-0.29770728804957575,-0.8990357786147303,-0.572349505794966,-0.0990271800561223,-0.5234341129239038,-0.17049134607352953,-0.5502085941145675,0.0,-0.6048181990261625,-0.25104816259897517,-0.2123885035669764,-0.7736664127426107,-0.516545904310247,-0.46755697773108185,-0.9069070802851007,-2.3685056602068117,-0.6417317787949701,-3.784939308126515,-0.6070150340737726,-3.2879343936907124,-3.293747930115865,-2.5564498860429365,-3.885117613500518,-4.534070460130514,-3.6219470499534117,-0.5975711287933118,-2.0865402500269234,-2.1339625234948967,-1.6456687645338817,-2.0978486691647684,-2.363971510639317,-2.1044132390125867,-2.3599276884405436,-2.7128526080511457,-2.505170605283255,-2.5970013679697814,-0.6019069286636083
18,0.04009544673423789,-3.060127178685611,-3.1041722928021023,-2.2214097716716505,-3.1181127404877538,-4.1153897011255385,-1.4405042299877595,-2.0898725993083107,-3.0384728839567736,-0.42045328789703035,-0.3094967593977813,-1.064834607746234,-0.6783644508376951,-0.3387307045619917,-0.7782639839516611,-0.410194870579399,-0.6776172181269757,-0.3441316523959807,0.0,-0.301612006406001,-0.26294009155366554,-0.953414454730505,-0.5768712840493122,-0.7072764533379993,-1.5462167892543766,-2.758087598719352,-0.08261049274938613,-3.0278592808799485,-0.011548760057766571,-2.5310107143791396,-2.536801098790625,-2.1875960738610973,-3.128230670577168,-3.777112839659742,-2.8650214914820955,0.0379293137201293,-2.0765591116552855,-2.123826011636695,-1.6356804720686924,-2.087867530793131,-2.3540203860002844,-2.0944311448005646,-2.349946550068906,-2.7030289786148582,-2.4952062825262784,-2.5870219954497125,-0.006440654647602174
19,-1.3490041457102155,-3.108221317263582,-3.0814245594492906,-2.6616246359058495,-3.1662396450444157,-4.092680783496268,-1.4080192192296939,-2.53011671811315,-3.086567022534745,-1.587455942525422,-1.0772370682930634,-1.5852089192679462,-1.2584198928516588,-0.7849740392870885,-0.9373355444751121,-0.5838863852648378,-1.2362789811712602,-0.8201862068495139,-1.3556615604653457,0.0,-0.2501084390014961,-0.52415452160987,-0.5527416959460394,-0.7917310291299197,-1.1169583289634053,-2.790669590598426,-1.3925751402341535,-3.84319731923425,-1.357858395512956,-3.3463487527334332,-3.352139137144919,-3.4401827196726202,-3.943568708931462,-4.592469728570871,-3.680343936043279,-1.348414490232495,-2.122839694267073,-2.1700533889996314,-1.6031561576828888,-2.1342844414939304,-2.401928056108117,-2.142338814908398,-2.3979533399059703,-2.7510804111965803,-2.5432165265654842,-2.6350667924688507,-1.3527502901027915
20,-1.0370808285626631,-2.97721115572377,-3.0282041053553184,-2.1384656379099636,-3.0352725242157357,-4.039472919972034,-1.3575252706697845,-2.006957720117264,-2.9555568609949336,-1.576099950775146,-0.9591810506523789,-1.442636315676995,-1.1158472892607079,-0.6424014356961376,-0.9108944823987851,-0.5574453231885109,-1.0937063775803013,-0.6776136032585549,-1.0437382433177935,-0.1582479748363565,0.0,-0.6808802775218337,-0.6050072990298193,-0.8484622012124257,-1.273684084875369,-2.9473201574438517,-1.0806518230866013,-3.831552786386638,-0.9955208229716223,-3.3347042198858294,-3.340494604297315,-3.42852165815651,-3.9318881238981818,-4.580851619769634,-3.6687149969887765,-1.0364911730849427,-1.9919803345281026,-2.039247234509512,-1.5527256044225946,-2.003318781755792,-2.27105982198025,-2.0114705807805304,-2.2669847635362457,-2.6201067832048133,-2.412245718506244,-2.504102085576975,-0.990412717561458
21,-2.3103876571749895,-3.724666905680248,-2.8500381583020493,-1.9395928376383533,-3.782728274172214,-3.86132472600601,-1.1381268493173076,-1.808078691667348,-3.7030126109514034,-2.5488394539901957,-2.0379997084131465,-2.7542456368203574,-2.484215374143539,-1.745734420317825,-1.5125691630309777,-1.535312911097202,-2.4620744624631326,-1.7809465878802426,-2.3170450719301283,-0.9584627213938973,-1.2106884156281077,0.0,-0.4038351199963236,-1.0038768609510962,-0.5733190325895023,-2.2565905328538327,-2.3539586516989277,-4.804292289601696,-2.31924190697773,-4.307444393260573,-4.313257929685725,-4.401415976236374,-4.904645202115407,-5.553587515620098,-4.641465169236279,-2.3097980016972692,-1.401223679879986,-1.3443438251710533,-1.253695875554451,-2.7507745317122616,-3.0185155719367285,-2.7589263307370087,-3.014440513492716,-3.367562533161283,-3.1597014684627136,-3.2515578355334447,-2.314133801567566
22,-1.620195557977297,-3.6161152035416815,-3.5796749724319232,-3.171376835051881,-3.6740910879298387,-4.5908954262655,-1.9160069096175805,-3.0398396626885407,-3.5944609088128447,-2.5431746172589325,-1.5249896041476256,-2.203427093929404,-1.9334247119311792,-1.225567259762355,-1.1708225471842095,-0.9918748132439685,-1.9112838002507806,-1.2607794273247803,-1.626852972732436,-0.7358778436443901,-0.8880493434005285,-0.16375861663553223,0.0,-0.6366968328534491,-0.32801829069095195,-1.9148410647061855,-1.6637665525012353,-4.797992606744388,-1.5786223087262152,-4.300903976375876,-4.306717512801028,-4.395021890905537,-4.898087196185681,-5.5469547167185995,-4.634916632638575,-1.6196059024995768,-2.632549422048664,-2.6798163220300646,-1.3993823155753742,-2.643857841186509,-2.910010696393663,-2.650421455193943,-2.905936860462284,-3.2590170034709294,-3.051196592919648,-3.143012305843091,-1.573514203316051
23,-1.324575186314687,-3.4456484282023108,-3.409168796978835,-3.0008706595988013,-3.5035917518750006,-4.420393986032115,-1.745500734164501,-2.8693334872354614,-3.423994133473474,-1.4785708075704684,-1.0241078739417742,-1.5768801040514668,-1.1644522748712072,-0.7318448449357994,-0.5927619921748088,-0.4909953421274634,-1.1423113631908004,-0.7970478554540039,-1.3312326010698259,-0.6145268581692542,-0.7056009505379905,-0.34498819028231087,-0.21082229832054822,0.0,-0.5750896587282662,-1.623607108206929,-1.368146180838625,-4.459716231760918,-1.3334294361174275,-3.9626276013924144,-3.9684411378175657,-4.056745515922075,-4.559810821202212,-5.208678341735129,-4.296640257655113,-1.3239855308369666,-2.4620432465955844,-2.5093101465769854,-1.9406769762454255,-2.473351665733422,-2.7395045209405833,-2.4799152797408635,-2.7354306850091965,-3.0885502281315587,-2.8806904174665693,-2.9725455305037203,-1.328321330707263
24,-2.8080546120681067,-4.222097777251421,-2.1327344159384682,-2.2335174522999073,-4.280230225006242,-5.0566468059155065,-1.4526374214805373,-2.101937768069494,-4.2004434825225845,-3.046525326421947,-2.0786265447108554,-3.252061711702438,-2.981435534178653,-2.2434667897875893,-1.6988574790688697,-1.5454331019425793,-2.9598984297802207,-2.2786661328561517,-2.8147120268232366,-1.456109286004667,-1.7083289443846517,-0.5795020512072651,-0.6010159730029838,-1.1901793293141223,0.0,-2.33678098350122,-2.8516256065920444,-5.2996574390815905,-2.816908861870847,-4.802535394752891,-4.808348931178042,-4.896680311702382,-5.3997279729121725,-6.048632969424976,-5.136548051015589,-2.807464956590386,-3.2386783620253508,-3.2859621838280244,-1.647815032226797,-3.249986781163196,-3.5161353904556285,-3.256548629319061,-3.512065800438971,-3.865001447458712,-3.657308717281683,-3.7491394799682083,-2.8118007564606824
25,-2.5631051322676566,-4.363046943482129,-4.3181023961978875,-3.919411329392286,-4.421320522176274,-5.329249983475549,-2.66287208537946,-3.787804546830369,-4.341392648753293,-2.594466169698916,-2.0842062803039627,-2.194185631919285,-1.9235617925519608,-1.7524155796296639,-1.2640130021812488,-1.3914366963530431,-1.9020246881535368,-1.8350618674736425,-2.5697625470227954,-1.5320732673171977,-1.7844468825032143,-1.6852848935017388,-0.7949517240945385,-0.9227685536840752,-0.49443537832896856,0.0,-2.6066761267916028,-5.094938976023683,-2.571959382070397,-4.595770773351035,-4.601886714603088,-4.691965893261853,-5.194262534764023,-5.843147539974461,-4.931049236974494,-2.5625154767899363,-3.3803699062249017,-3.4277883683078234,-2.8581031673142783,-3.3916547723611377,-3.6578000638710013,-3.398288160122592,-3.653750380654173,-4.00594253712413,-3.7982231229549797,-3.8900978090533034,-2.5668512766602327
26,-0.056353432893902496,-3.0784851257849652,-3.122667037777399,-2.2399045166469476,-3.1366074854630503,-4.133912386616394,-1.4589989749630563,-2.1083673442836077,-3.056830831056128,-0.4389480328723269,-0.32799150437307784,-1.0833293527215224,-0.6968591958129917,-0.3572254495372883,-0.7967650255824791,-0.42868961555469554,-0.6961119631022723,-0.362626397371269,-0.06301084764903295,-0.3200905699284917,-0.28141865507615615,-0.9719091997058015,-0.5953498475718112,-0.7257711983132958,-1.564711534229665,-2.776653541099752,0.0,-3.0463540258552446,-0.06520742132798887,-2.549505459354436,-2.5552958437659217,-2.2060703867757123,-3.1466893633667885,-3.795652859238241,-2.8835269054898367,-0.055763777416182166,-2.095055622482159,-2.1423225224635605,-1.6541752170439805,-2.1063640416199965,-2.372515130975581,-2.1129258897758616,-2.36844306089578,-2.7213787079155125,-2.513701027501575,-2.605516740425009,-0.06009931591782447
27,-2.427494355676177,-4.930352076009746,-4.956735994097145,-4.091583163219209,-4.995470899850013,-5.967699885771486,-3.3108327017867976,-3.9600171144161562,-4.9086977812809085,-2.7292213906013743,-2.892064520254721,-3.3239463122763158,-2.9607145628740783,-2.9577374152360827,-3.128644499718826,-3.0946895062240674,-2.9599685085219654,-3.040383703080061,-2.434151770431308,-2.3930285530573276,-2.5402162208389116,-2.827897153500869,-2.9483875760323213,-3.4009264020357657,-3.420872160869492,-4.915053908991866,-2.4710653502001154,0.0,-2.4363486054789174,-1.6771748343357653,-1.6417358267369064,-0.4121776268856226,-0.639469288847574,-1.3947410288217374,-1.2443532697908029,-2.426904700198457,-3.9478736360413156,-3.9954643893852557,-3.5059533813875783,-3.9590684020069093,-4.225238465000328,-3.9657387079532276,-4.22112504143149,-4.573286376344618,-4.365815788767893,-4.457421893428135,-2.4312405000687534
28,-0.02375449761352712,-3.1143705794922187,-3.15841569360871,-2.2756531724782594,-3.172356141294362,-4.169633101932154,-1.4947476307943677,-2.1441160001149275,-3.0927162847633816,-0.47469668870363846,-0.36374016020439764,-1.1190780085528422,-0.7326078516443033,-0.39297410536859984,-0.8325073847582692,-0.46443827138601534,-0.7318606189335839,-0.3983750532025888,-0.011548760057766571,-0.3558554072126091,-0.31718349236027366,-1.007657855537113,-0.6311146848559204,-0.7615198541446074,-1.6004601900609847,-2.81233099952596,-0.1368539676627637,-3.0821026816865644,0.0,-2.5852541151857475,-2.5910444995972335,-2.2418394746677137,-3.182474071383776,-3.8313562404663495,-2.9192648922887035,-0.025920630627635718,-2.1308042783134704,-2.1780711782948803,-1.6899238728753003,-2.1421126974513163,-2.408263786806901,-2.1486745456071814,-2.4041917167270914,-2.757272379421466,-2.5494496833328864,-2.6412653962563204,-0.005108105410164399
29,-2.4875460684362745,-4.990430045310202,-5.0193054454255766,-4.151700891569816,-5.055717713823703,-6.030267453900337,-3.3709236022316023,-4.020108014860953,-4.968775750581366,-2.7893122910461705,-2.9521554206995173,-3.3840372127211205,-3.0207959974988716,-3.01772081775676,-3.18873540016363,-3.1547804066688725,-3.02004994314675,-3.1003671056007462,-2.4942034831914133,-2.4529855948906834,-2.600308914078707,-2.887988053945674,-3.008478476477118,-3.4610173024805704,-3.480963061314297,-4.975144809436662,-2.5311170629602127,-1.7738468600620996,-2.4964003182390146,0.0,-0.09734639745262512,-0.6919823561464338,-0.6942674246520457,-1.4494769494475102,-0.7798132615695829,-2.4869564129585537,-4.007876473836519,-4.055467227180459,-3.56602585858054,-4.019159302451706,-4.285329365445132,-4.025829608398032,-4.281256716423181,-4.6333643456450755,-4.426006036072928,-4.517523537960414,-2.4912922128288506
30,-2.0140138797654745,-3.8286176790000104,-4.540032009438857,-3.674107987544603,-3.893762408521916,-5.550995901113198,-2.8933306982063893,-3.5425151108357396,-3.8069633842711728,-2.311719387020958,-2.1724136240024716,-2.9064443086959075,-2.5432151796208893,-2.5402354116556745,-2.711142496138409,-2.6771875026436516,-2.5424691252687763,-2.622881699499653,-2.0206712945206133,-1.9755265494769196,-2.122716010053494,-2.4103951499204532,-2.530885572451905,-2.9834243984553575,-3.003370157289084,-4.4975519054114494,-2.057584874289421,-1.7501592878839127,-2.0228681295682236,-0.1032207165932087,0.0,-0.6682947839682469,-0.6760113872464097,-1.431283127220565,-0.77870773953538,-2.0134242242877627,-2.8461580966219695,-2.8937488499659016,-3.0884434118849997,-2.857323600210653,-3.1235232177178043,-2.864023460670704,-3.1194097941489667,-3.4715533292004155,-3.2641019589375455,-3.355688846283932,-2.0177600241580596
31,-2.631206038288665,-4.445857784909736,-5.153072982407821,-4.291297834491336,-4.510894802392493,-6.16336213264392,-3.5105282577872114,-4.159722579086494,-4.424203490180899,-2.9289170088056107,-2.789605782525662,-3.5239090571497944,-3.160738508962793,-3.1574275701788648,-3.3283346546616075,-3.2943796611668414,-3.15999245461068,-3.240073858022843,-2.6378634530438037,-2.5927187080001017,-2.7399063757816857,-3.027587308443643,-3.148087035654541,-3.6006114100006195,-3.620562315812274,-5.11474406393464,-2.6747770328126035,-0.9323529354944017,-2.6400602880914055,-1.0233710604201465,-0.9879459773400172,0.0,-0.4324031997997562,-1.1877846485122265,-0.7930866596881311,-2.6306163828109446,-3.463612253143412,-3.5112030064873516,-3.705668052659697,-3.4747822824532544,-3.7407153762409946,-3.481215619193894,-3.736782290386614,-4.088783764701891,-3.8812941174607363,-3.972919281785408,-2.6349521826812414
32,-3.7334630965076547,-6.236367857161094,-6.253059311512636,-5.397826965095964,-6.301569500700073,-7.262336421679063,-4.617034687995837,-5.26620515481008,-6.214699892986115,-4.03546963617765,-4.198367052232131,-4.630187643038498,-4.2670092714450485,-4.263725614439306,-4.43461520016851,-4.4006853499623055,-4.266263217092926,-4.346405599344283,-3.740120511262793,-3.699049633763111,-3.8462821386020183,-4.134475968875294,-4.255025263924355,-4.706936545761185,-4.726840901700978,-6.221030717413234,-3.7770340910315934,-1.4097878075706,-3.742317346310395,-1.2271522168905677,-1.235557342240727,-0.40333807411040823,0.0,-0.8487309868100712,-0.9733998750611419,-3.7328734410299345,-5.254050665164419,-5.301695241433162,-4.81221980234152,-5.265220694474261,-5.531211844889748,-5.271712087842657,-5.527168840901991,-5.879256507761694,-5.671784529599379,-5.7633943426293035,-3.737209240900231
33,-4.055088066815315,-6.557993644742835,-6.573273855957693,-5.71948139054923,-6.623225675895719,-7.581823376676851,-4.938659658303505,-5.587859580263345,-6.536325680567855,-4.357094606485318,-4.5199920225398,-4.951812613346158,-4.588632663378049,-4.585350584746966,-4.756240170476179,-4.722310320269966,-4.587886609025928,-4.668030569651944,-4.061745481570454,-4.020737537893661,-4.167907108909679,-4.456100939182955,-4.576650234232016,-5.028561516068846,-5.048465872008638,-6.542655687720903,-4.098659061339261,-1.811191174759317,-4.063942316618063,-1.5252736443366817,-1.533678769686841,-0.8047987272724023,-0.7442285465485791,0.0,-1.1636177077632772,-4.054498411337603,-5.575695802773943,-5.623340379042678,-5.133903076811465,-5.586845664781922,-5.852836815197417,-5.593337058150317,-5.848873349859333,-6.200882295343435,-5.993409499907039,-6.085020130211046,-4.058834211207899
34,-2.832453887471859,-5.33536153957761,-5.364213264461162,-4.496608710605401,-5.400584141537793,-6.3751752729359215,-3.715831421267187,-4.365015833896537,-5.313707244848772,-3.1342201100817557,-3.297063239735102,-3.728945031756705,-3.365715981647776,-3.3626286367923446,-3.5336432191992153,-3.4996882257044573,-3.3649699272956632,-3.4452749246363314,-2.839111302226998,-2.797893413926268,-2.945216733114292,-3.232895872981259,-3.3533862955127023,-3.8059251215161556,-3.8258708803498815,-5.320052628472247,-2.8760248819957974,-2.0119677538848793,-2.8413081372746,-0.9784909000308678,-0.9868960253810355,-0.649861634372605,-0.7315239432423257,-1.1582296356662043,0.0,-2.831864231994139,-4.352791053967504,-4.400381807311437,-3.910933677616125,-4.36406712148729,-4.630237184480709,-4.370737427433617,-4.626164535458766,-4.978295839912482,-4.770913855108512,-4.86243135699599,-2.8362000318644354
35,-0.0008883661582891022,-3.0693100076730158,-3.1135001374641416,-2.2307376163336907,-3.1274405851497935,-4.124745486303137,-1.4498320746497992,-2.099200443970351,-3.0476557129441795,-0.42978113255907,-0.318824604059821,-1.0741624524082656,-0.6876922954997349,-0.34805854922403145,-0.7875918286137007,-0.41952271524143864,-0.6869450627890153,-0.35345949705802043,0.02621852448423482,-0.3109236696152348,-0.2722517547629076,-0.9627422993925447,-0.5861829472585544,-0.716604298000039,-1.555544633916408,-2.767486640786495,-0.09193833741142583,-3.0371871255419878,0.015218135999481035,-2.5403385590411793,-2.546128943452665,-2.1969034864624555,-3.137522463053531,-3.786485958924984,-2.8743493361441264,0.0,-2.085888722168902,-2.133155622150303,-1.6450083167307321,-2.097197141306739,-2.363348230662324,-2.1037589894626048,-2.3592761605825228,-2.7122118076022557,-2.5045341271883177,-2.596349840111752,0.020326241409645434
36,-3.201127456641447,-0.8755637165551596,-0.48953730457569694,-0.5902598122198837,-0.8521960555305412,-1.3936347421433137,-0.7629666461718432,-0.4595033666512123,-0.8539234191186795,-3.4395589833105884,-3.4448544868845206,-4.60666824284851,-4.336083588120555,-2.889563359152753,-3.644464191488661,-3.460548182551418,-4.314546483722131,-2.9247627022213156,-3.2077848713965773,-2.5153275460677995,-2.354288933995416,-1.6387388861948162,-3.017485497938113,-3.260924677930445,-3.437129282183536,-5.163415996419935,-3.2446984511653856,-4.745639130142177,-3.2099817064441876,-5.186720553661832,-4.037193149810559,-4.368747232993508,-5.785113621529078,-6.433972173222101,-5.521993727804285,-3.2005378011637267,0.0,-0.09953624528503296,-0.32260168201624706,-0.2915028803484395,-1.4766141675097109,-1.2171628394124363,-0.6769831620647219,-0.6091999368834468,-1.5794971739737507,-0.8466134811484793,-3.204873601034023
37,-3.286791346560453,-0.8933037892907774,-0.5072755358742097,-0.6079980435183964,-0.869936128266159,-1.4114068240332136,-0.684283489438483,-0.4772415979497251,-0.8716634918542974,-3.5252228732295943,-3.5305183768035344,-4.80072237088976,-4.530125664153595,-3.0834057468396807,-3.838535466217232,-3.654589942321586,-4.508588559755163,-3.118592675201567,-3.293448761315591,-2.709369305837968,-2.548328900970586,-1.72440277611383,-3.211512237562618,-3.45495141755495,-3.631171041953704,-5.357457756190103,-3.3303623410843994,-4.939661949416395,-3.2956455963632014,-5.272377366559403,-5.278540504323828,-4.563609541423692,-5.870770434426649,-6.519628986119672,-5.607650540701848,-3.2862016910827405,-0.24303495270567282,0.0,-0.19948518996546027,-0.4853967102775104,-1.670655927279879,-1.4112045991826045,-0.8708769919937928,-0.8031787469494284,-1.7735389337439191,-1.04050731107755,-3.2905374909530374
38,-3.4021745170248248,-1.023364940567523,-0.6373268613792973,-0.7380493690234841,-0.9999972795429044,-1.541435966155677,-0.5323054236572392,-0.6072929234548128,-1.0017246431310427,-3.640606043693966,-3.645901547267899,-4.554183988742033,-4.283597254366425,-3.0911454695383984,-3.591977857734522,-3.4080618487972876,-4.262060149968001,-3.126344812606961,-3.408831931779955,-2.4628412123136694,-2.5558710443810617,-1.6704854677368894,-2.9649841440383193,-3.2084233240306514,-2.077628309122198,-5.110929662665796,-3.445745511548763,-5.890050052365883,-3.4110287668275654,-5.388001774250877,-5.394117715502922,-4.2672362108594015,-5.986381886555882,-6.635291571793715,-5.723279157392431,-3.4015848615471045,-0.5013333576592424,-0.2357019092546591,0.0,-0.7138435948548744,-1.9014239397088608,-1.6418346985091412,-1.0993043180550144,-1.0212527112033691,-2.004381294085984,-1.283802618695101,-3.4059206614174014
39,-3.506023620203163,-0.8833469618974968,-0.6366549713081414,-0.7373774789523282,-0.8599311407418603,-1.4014420958814593,-0.9100490151257774,-0.49023920112740826,-0.8617066644610168,-3.327057905743348,-3.3355983298888563,-4.526124355226984,-4.255539700499029,-2.8090194715312267,-3.563920303867126,-3.3800042949298916,-4.234002596100605,-2.844218814599789,-3.5126810349583013,-2.4347836584462734,-2.2737450463738815,-2.7636103871933866,-2.9369416103165866,-3.1803807903089187,-3.3565853945620097,-5.0828721087984,-3.5495946147271007,-4.665095242520651,-3.5148778700059116,-3.9932278683458517,-3.957756359021711,-4.288203345371982,-6.0900097850908015,-6.738868336783817,-5.826889891366,-3.5054339647254427,-0.19947802749020271,-0.24663458444958822,-0.440267605499273,0.0,-1.3960702798881761,-1.1366189517909098,-0.45545824165334153,-0.5264324176613181,-1.4989532863522244,-0.6250630127551215,-3.509769764595747
40,-2.578374277075648,-0.8590321311136422,-0.600671739827338,-0.7014140048227568,-0.9174856508024254,-1.4588525564299148,-0.8735060683594423,-0.5700376331324404,-0.8373918336771621,-2.254228153415129,-2.0325377042332393,-3.593158684071426,-3.3225740293434707,-1.7402557706618718,-2.636521566205757,-2.4524852504876256,-3.301036924945047,-1.7754551137304424,-2.5850316918307863,-1.507368475524425,-1.2049726371690492,-1.8361952042715386,-2.008853569250477,-2.2523125751801794,-2.4289975387954024,-4.155494471449999,-2.621945271599586,-3.5924891097941876,-2.5872285268783886,-2.9205734788950526,-2.8851019695709192,-3.215551061359605,-3.9309565549218184,-4.579863981205462,-3.667796690305187,-2.5777846215979277,-0.16262742657036397,-0.20982055084755954,-0.41893299086730795,-0.17406945011772168,0.0,-0.11173525032598092,-0.4377388489013117,-0.50194070250691,-0.252360740968312,-0.3859067484072713,-2.5821204214682236
41,-2.488682893192148,-0.9029883895571882,-0.5109655571764878,-0.6116880648206746,-1.0960657755175274,-1.6375962109351556,-0.7835952719942014,-0.4802562623816016,-0.8813480921207082,-2.142530618388229,-1.9206549643674724,-3.5034294525505283,-3.232803275026743,-1.6283707348223948,-2.546848438359696,-2.362727320794643,-3.2112661706283188,-1.6635700778909654,-2.495340307947287,-1.4177284055473092,-1.093259691248392,-1.7465430080727382,-1.9192092530279683,-2.162671117496459,-2.3393453425966095,-4.065842275251207,-2.532253887716086,-3.480815289565212,-2.4975371429948887,-2.808846500986301,-2.773374991662168,-3.1039339109806785,-3.819738976784662,-4.468643973297466,-3.5565590548880714,-2.488093237714428,-0.0730129167262075,-0.12020604100340307,-0.3360503847017145,-0.08444752862534982,-0.2815677186074635,0.0,-0.34809416402756166,-0.5459214927702063,-0.38435343292274265,-0.4302686925465352,-2.492429037584724
42,-3.571011786223965,-0.6208226953058948,-0.8237454050906092,-0.6639557913719758,-0.5974550342812682,-1.13892878396488,-1.1048981688968058,-0.41914205326261456,-0.5991823978694149,-3.392170064376552,-3.4007050774751866,-4.591274709594197,-4.320668654371534,-2.8739511985771395,-3.629080917954692,-3.44514378110972,-4.29913154997311,-2.9091381269390264,-3.577669200979104,-2.4999147575754272,-2.3388743527080447,-2.8287414863225324,-3.0020576893000768,-3.2454968692924093,-3.4217164936911635,-5.1480032079275535,-3.614582780747903,-4.731290606353912,-3.579866036026714,-4.058484601687976,-4.023013092363842,-4.354154123992116,-6.1530840461009655,-6.802007811713661,-5.890021270573713,-3.5704221307462447,-0.38585824701941135,-0.4330513712966069,-0.6270423659828921,-0.2759450431933749,-1.46120137901733,-1.2017500509200636,0.0,-0.2639638782155566,-1.3869501697257662,-0.24289586658963486,-3.5747579306165496
43,-3.8918709859599403,-0.3772272874050305,-0.7819542143481241,-0.623129622316948,-0.3539124873402781,-0.8949556205191616,-1.0679070737915681,-0.3783149328047557,-0.3555869899685504,-3.7130292641125187,-3.721564277211162,-4.912133909330173,-4.641527854107509,-3.1948103983131153,-3.950029189459899,-3.766002980845687,-4.6199907497090855,-3.2299973266750017,-3.898528400715079,-2.8207739573113937,-2.659733552444012,-3.1496006860585077,-3.322916889036052,-3.5663560690283846,-3.742575693427131,-5.468862407663529,-3.935441980483878,-5.052149806089879,-3.900725235762681,-4.379343801423951,-4.343872292099809,-4.674987880569018,-6.472278081534089,-7.1211987182398095,-6.209212177099868,-3.8912813304822205,-0.43303626389437455,-0.5078083471269903,-0.6884782113326927,-0.49398821463754555,-1.532738716973059,-1.537227074039111,-0.3840980626156903,0.0,-1.5261833716788407,-0.38208876576053175,-3.8956171303525164
44,-2.7043397056811034,-0.8613588857214037,-0.7113994821349618,-0.8121417471303889,-0.921038485736617,-1.4624022693103693,-0.9842289751109297,-0.680768373718537,-0.8397185882849237,-2.5254281902355187,-2.5339425603241277,-3.7191280987122073,-3.448543443984244,-2.0114558074822613,-2.7624869948112125,-2.578450679093081,-3.42700633958582,-2.0466551505508237,-2.710997120436234,-1.6333339041298722,-1.4761726739894305,-1.9621606328769863,-2.134818997855925,-2.3782780037856264,-2.5549629674008574,-4.281459900055454,-2.7479107002050416,-3.8636891466145777,-2.7131939554838436,-3.1917859868724396,-3.1563144775483063,-3.48677983619232,-5.302419725089765,-5.951305152615719,-5.039208040673577,-2.703750050203383,-0.2733441778787639,-0.3205578726113225,-0.6053507333685667,-0.2847862014261216,-0.2615001375143731,-0.2224779406739668,-0.5093150092101664,-0.5042674571146717,0.0,-0.38863078179413235,-2.7080858500736795
45,-3.5163746242304037,-0.4789545141245216,-0.8844104699560782,-0.72484129496315,-0.4555798822108756,-1.0445231058127373,-1.1696776152249742,-0.48001376583990835,-0.45731421668804156,-3.337602830534711,-3.346117200623328,-4.531159031226182,-4.2605743764982185,-2.8194671609936526,-3.5745054681000332,-3.3905894591627908,-4.239037272099794,-2.854666504062215,-3.523032038985534,-2.445368822679172,-2.2841769151961873,-2.774195551426286,-2.946862476323818,-3.1903016563161497,-3.367170558794909,-5.093492883865826,-3.5599456187543415,-4.675640167312022,-3.525228874033144,-4.003771161495327,-3.968299652171194,-4.29874874395988,-6.098609637386584,-6.747527059577814,-5.8354787615108865,-3.515784968752683,-0.4427710098739101,-0.4899641341511056,-0.7002090882094623,-0.3328578060478654,-1.1573335823408375,-1.161815033884682,-0.12734893310294723,-0.1221472025394658,-1.1507782370466109,0.0,-3.52012076862298
46,-0.018646392203362724,-3.056912478832651,-3.100964407827024,-2.218201886696573,-3.114904855512676,-4.112184861660601,-1.4372963450126817,-2.0866647143332413,-3.035258184103814,-0.41724540292195234,-0.30628887442270325,-1.0616267227711562,-0.6751565658626172,-0.33552281958691366,-0.7750560989765831,-0.40698698560432917,-0.6744093331518977,-0.34092376742090263,-0.006440654647602174,-0.298404121430923,-0.2597322065785874,-0.9502065697554268,-0.5736624790368003,-0.704033066866626,-1.5430089042792985,-2.7548797137442738,-0.0794026818810775,-3.024651395904878,-0.005108105410164399,-2.5278028294040618,-2.5335932138155473,-2.1843315259506957,-3.1250227856020896,-3.7739238052414983,-2.861798012713907,-0.02081252521747132,-2.0733512266802157,-2.1206181266616166,-1.6324725870936143,-2.0846596458180526,-2.3508125010252146,-2.091223259825487,-2.3467386650938282,-2.699814278761899,-2.4919983975512,-2.5838141104746346,0.0
