<?xml version="1.0" encoding="UTF-8"?>
<instance>
  <info>
    <dataset>Montoya et al. 2016</dataset>
    <name>tc0c10s3ct1</name>
  </info>
  <network>
    <nodes>
      <node id="0" type="0">
        <cx>77.59</cx>
        <cy>78.35</cy>
      </node>
      <node id="1" type="1">
        <cx>12.44</cx>
        <cy>47.61</cy>
      </node>
      <node id="2" type="1">
        <cx>108.2</cx>
        <cy>93.64</cy>
      </node>
      <node id="3" type="1">
        <cx>58.51</cx>
        <cy>24.22</cy>
      </node>
      <node id="4" type="1">
        <cx>116.26</cx>
        <cy>13.76</cy>
      </node>
      <node id="5" type="1">
        <cx>113.56</cx>
        <cy>85.73</cy>
      </node>
      <node id="6" type="1">
        <cx>5.09</cx>
        <cy>69.91</cy>
      </node>
      <node id="7" type="1">
        <cx>89.27</cx>
        <cy>58.94</cy>
      </node>
      <node id="8" type="1">
        <cx>78.54</cx>
        <cy>57.16</cy>
      </node>
      <node id="9" type="1">
        <cx>111.56</cx>
        <cy>51.2</cy>
      </node>
      <node id="10" type="1">
        <cx>11.05</cx>
        <cy>72.52</cy>
      </node>
      <node id="11" type="2">
        <cx>20.26</cx>
        <cy>60.26</cy>
        <custom>
          <cs_type>fast</cs_type>
        </custom>
      </node>
      <node id="12" type="2">
        <cx>70.9</cx>
        <cy>30.98</cy>
        <custom>
          <cs_type>fast</cs_type>
        </custom>
      </node>
      <node id="13" type="2">
        <cx>120.98</cx>
        <cy>60.56</cy>
        <custom>
          <cs_type>fast</cs_type>
        </custom>
      </node>
    </nodes>
    <euclidean />
    <decimals>14</decimals>
  </network>
  <fleet>
    <vehicle_profile type="0">
      <departure_node>0</departure_node>
      <arrival_node>0</arrival_node>
      <max_travel_time>10</max_travel_time>
      <speed_factor>40</speed_factor>
      <custom>
        <consumption_rate>125</consumption_rate>
        <battery_capacity>16000</battery_capacity>
        <charging_functions>
          <function cs_type="fast">
            <breakpoint>
              <battery_level>0</battery_level>
              <charging_time>0.0</charging_time>
            </breakpoint>
            <breakpoint>
              <battery_level>13600</battery_level>
              <charging_time>0.31</charging_time>
            </breakpoint>
            <breakpoint>
              <battery_level>15200</battery_level>
              <charging_time>0.39</charging_time>
            </breakpoint>
            <breakpoint>
              <battery_level>16000</battery_level>
              <charging_time>0.51</charging_time>
            </breakpoint>
          </function>
        </charging_functions>
      </custom>
    </vehicle_profile>
  </fleet>
  <requests>
    <request id="1" node="1">
      <service_time>0.5</service_time>
    </request>
    <request id="2" node="2">
      <service_time>0.5</service_time>
    </request>
    <request id="3" node="3">
      <service_time>0.5</service_time>
    </request>
    <request id="4" node="4">
      <service_time>0.5</service_time>
    </request>
    <request id="5" node="5">
      <service_time>0.5</service_time>
    </request>
    <request id="6" node="6">
      <service_time>0.5</service_time>
    </request>
    <request id="7" node="7">
      <service_time>0.5</service_time>
    </request>
    <request id="8" node="8">
      <service_time>0.5</service_time>
    </request>
    <request id="9" node="9">
      <service_time>0.5</service_time>
    </request>
    <request id="10" node="10">
      <service_time>0.5</service_time>
    </request>
  </requests>
</instance>
