<?xml version="1.0" encoding="UTF-8"?>
<instance>
  <info>
    <dataset>Montoya et al. 2016</dataset>
    <name>tc0c40s5ct4</name>
  </info>
  <network>
    <nodes>
      <node id="0" type="0">
        <cx>74.26</cx>
        <cy>18.77</cy>
      </node>
      <node id="1" type="1">
        <cx>13.83</cx>
        <cy>27.08</cy>
      </node>
      <node id="2" type="1">
        <cx>81.72</cx>
        <cy>49.05</cy>
      </node>
      <node id="3" type="1">
        <cx>15.79</cx>
        <cy>107.95</cy>
      </node>
      <node id="4" type="1">
        <cx>78.31</cx>
        <cy>22.41</cy>
      </node>
      <node id="5" type="1">
        <cx>114.8</cx>
        <cy>57.2</cy>
      </node>
      <node id="6" type="1">
        <cx>43.91</cx>
        <cy>89.83</cy>
      </node>
      <node id="7" type="1">
        <cx>94.62</cx>
        <cy>62.97</cy>
      </node>
      <node id="8" type="1">
        <cx>21.12</cx>
        <cy>43.59</cy>
      </node>
      <node id="9" type="1">
        <cx>68.95</cx>
        <cy>9.12</cy>
      </node>
      <node id="10" type="1">
        <cx>37.73</cx>
        <cy>10.64</cy>
      </node>
      <node id="11" type="1">
        <cx>66.79</cx>
        <cy>8.09</cy>
      </node>
      <node id="12" type="1">
        <cx>96.82</cx>
        <cy>68.3</cy>
      </node>
      <node id="13" type="1">
        <cx>118.69</cx>
        <cy>84.68</cy>
      </node>
      <node id="14" type="1">
        <cx>89.44</cx>
        <cy>65.57</cy>
      </node>
      <node id="15" type="1">
        <cx>24.23</cx>
        <cy>81.75</cy>
      </node>
      <node id="16" type="1">
        <cx>5.9</cx>
        <cy>24.77</cy>
      </node>
      <node id="17" type="1">
        <cx>42.93</cx>
        <cy>74.84</cy>
      </node>
      <node id="18" type="1">
        <cx>79.62</cx>
        <cy>26.39</cy>
      </node>
      <node id="19" type="1">
        <cx>116.0</cx>
        <cy>53.07</cy>
      </node>
      <node id="20" type="1">
        <cx>0.54</cx>
        <cy>42.3</cy>
      </node>
      <node id="21" type="1">
        <cx>55.6</cx>
        <cy>27.36</cy>
      </node>
      <node id="22" type="1">
        <cx>40.45</cx>
        <cy>97.87</cy>
      </node>
      <node id="23" type="1">
        <cx>111.27</cx>
        <cy>24.75</cy>
      </node>
      <node id="24" type="1">
        <cx>83.0</cx>
        <cy>13.32</cy>
      </node>
      <node id="25" type="1">
        <cx>39.89</cx>
        <cy>99.0</cy>
      </node>
      <node id="26" type="1">
        <cx>104.18</cx>
        <cy>117.71</cy>
      </node>
      <node id="27" type="1">
        <cx>65.67</cx>
        <cy>52.51</cy>
      </node>
      <node id="28" type="1">
        <cx>6.78</cx>
        <cy>25.97</cy>
      </node>
      <node id="29" type="1">
        <cx>81.34</cx>
        <cy>23.93</cy>
      </node>
      <node id="30" type="1">
        <cx>73.22</cx>
        <cy>60.28</cy>
      </node>
      <node id="31" type="1">
        <cx>29.19</cx>
        <cy>87.88</cy>
      </node>
      <node id="32" type="1">
        <cx>65.82</cx>
        <cy>21.33</cy>
      </node>
      <node id="33" type="1">
        <cx>12.53</cx>
        <cy>100.11</cy>
      </node>
      <node id="34" type="1">
        <cx>52.44</cx>
        <cy>93.45</cy>
      </node>
      <node id="35" type="1">
        <cx>3.51</cx>
        <cy>1.08</cy>
      </node>
      <node id="36" type="1">
        <cx>47.43</cx>
        <cy>59.59</cy>
      </node>
      <node id="37" type="1">
        <cx>32.47</cx>
        <cy>105.26</cy>
      </node>
      <node id="38" type="1">
        <cx>14.03</cx>
        <cy>27.64</cy>
      </node>
      <node id="39" type="1">
        <cx>66.73</cx>
        <cy>70.59</cy>
      </node>
      <node id="40" type="1">
        <cx>114.23</cx>
        <cy>89.39</cy>
      </node>
      <node id="41" type="2">
        <cx>104.18</cx>
        <cy>104.18</cy>
        <custom>
          <cs_type>fast</cs_type>
        </custom>
      </node>
      <node id="42" type="2">
        <cx>61.86</cx>
        <cy>117.66</cy>
        <custom>
          <cs_type>fast</cs_type>
        </custom>
      </node>
      <node id="43" type="2">
        <cx>14.01</cx>
        <cy>27.67</cy>
        <custom>
          <cs_type>fast</cs_type>
        </custom>
      </node>
      <node id="44" type="2">
        <cx>10.98</cx>
        <cy>28.29</cy>
        <custom>
          <cs_type>normal</cs_type>
        </custom>
      </node>
      <node id="45" type="2">
        <cx>66.18</cx>
        <cy>64.05</cy>
        <custom>
          <cs_type>fast</cs_type>
        </custom>
      </node>
    </nodes>
    <euclidean />
    <decimals>14</decimals>
  </network>
  <fleet>
    <vehicle_profile type="0">
      <departure_node>0</departure_node>
      <arrival_node>0</arrival_node>
      <max_travel_time>10</max_travel_time>
      <speed_factor>40</speed_factor>
      <custom>
        <consumption_rate>125</consumption_rate>
        <battery_capacity>16000</battery_capacity>
        <charging_functions>
          <function cs_type="fast">
            <breakpoint>
              <battery_level>0</battery_level>
              <charging_time>0.0</charging_time>
            </breakpoint>
            <breakpoint>
              <battery_level>13600</battery_level>
              <charging_time>0.31</charging_time>
            </breakpoint>
            <breakpoint>
              <battery_level>15200</battery_level>
              <charging_time>0.39</charging_time>
            </breakpoint>
            <breakpoint>
              <battery_level>16000</battery_level>
              <charging_time>0.51</charging_time>
            </breakpoint>
          </function>
          <function cs_type="normal">
            <breakpoint>
              <battery_level>0</battery_level>
              <charging_time>0.0</charging_time>
            </breakpoint>
            <breakpoint>
              <battery_level>13600</battery_level>
              <charging_time>0.62</charging_time>
            </breakpoint>
            <breakpoint>
              <battery_level>15200</battery_level>
              <charging_time>0.77</charging_time>
            </breakpoint>
            <breakpoint>
              <battery_level>16000</battery_level>
              <charging_time>1.01</charging_time>
            </breakpoint>
          </function>
        </charging_functions>
      </custom>
    </vehicle_profile>
  </fleet>
  <requests>
    <request id="1" node="1">
      <service_time>0.5</service_time>
    </request>
    <request id="2" node="2">
      <service_time>0.5</service_time>
    </request>
    <request id="3" node="3">
      <service_time>0.5</service_time>
    </request>
    <request id="4" node="4">
      <service_time>0.5</service_time>
    </request>
    <request id="5" node="5">
      <service_time>0.5</service_time>
    </request>
    <request id="6" node="6">
      <service_time>0.5</service_time>
    </request>
    <request id="7" node="7">
      <service_time>0.5</service_time>
    </request>
    <request id="8" node="8">
      <service_time>0.5</service_time>
    </request>
    <request id="9" node="9">
      <service_time>0.5</service_time>
    </request>
    <request id="10" node="10">
      <service_time>0.5</service_time>
    </request>
    <request id="11" node="11">
      <service_time>0.5</service_time>
    </request>
    <request id="12" node="12">
      <service_time>0.5</service_time>
    </request>
    <request id="13" node="13">
      <service_time>0.5</service_time>
    </request>
    <request id="14" node="14">
      <service_time>0.5</service_time>
    </request>
    <request id="15" node="15">
      <service_time>0.5</service_time>
    </request>
    <request id="16" node="16">
      <service_time>0.5</service_time>
    </request>
    <request id="17" node="17">
      <service_time>0.5</service_time>
    </request>
    <request id="18" node="18">
      <service_time>0.5</service_time>
    </request>
    <request id="19" node="19">
      <service_time>0.5</service_time>
    </request>
    <request id="20" node="20">
      <service_time>0.5</service_time>
    </request>
    <request id="21" node="21">
      <service_time>0.5</service_time>
    </request>
    <request id="22" node="22">
      <service_time>0.5</service_time>
    </request>
    <request id="23" node="23">
      <service_time>0.5</service_time>
    </request>
    <request id="24" node="24">
      <service_time>0.5</service_time>
    </request>
    <request id="25" node="25">
      <service_time>0.5</service_time>
    </request>
    <request id="26" node="26">
      <service_time>0.5</service_time>
    </request>
    <request id="27" node="27">
      <service_time>0.5</service_time>
    </request>
    <request id="28" node="28">
      <service_time>0.5</service_time>
    </request>
    <request id="29" node="29">
      <service_time>0.5</service_time>
    </request>
    <request id="30" node="30">
      <service_time>0.5</service_time>
    </request>
    <request id="31" node="31">
      <service_time>0.5</service_time>
    </request>
    <request id="32" node="32">
      <service_time>0.5</service_time>
    </request>
    <request id="33" node="33">
      <service_time>0.5</service_time>
    </request>
    <request id="34" node="34">
      <service_time>0.5</service_time>
    </request>
    <request id="35" node="35">
      <service_time>0.5</service_time>
    </request>
    <request id="36" node="36">
      <service_time>0.5</service_time>
    </request>
    <request id="37" node="37">
      <service_time>0.5</service_time>
    </request>
    <request id="38" node="38">
      <service_time>0.5</service_time>
    </request>
    <request id="39" node="39">
      <service_time>0.5</service_time>
    </request>
    <request id="40" node="40">
      <service_time>0.5</service_time>
    </request>
  </requests>
</instance>
