<?xml version="1.0" encoding="UTF-8"?>
<instance>
  <info>
    <dataset>Montoya et al. 2016</dataset>
    <name>tc0c160s16cf4</name>
  </info>
  <network>
    <nodes>
      <node id="0" type="0">
        <cx>67.42</cx>
        <cy>103.43</cy>
      </node>
      <node id="1" type="1">
        <cx>65.52</cx>
        <cy>74.06</cy>
      </node>
      <node id="2" type="1">
        <cx>18.56</cx>
        <cy>59.89</cy>
      </node>
      <node id="3" type="1">
        <cx>26.17</cx>
        <cy>104.91</cy>
      </node>
      <node id="4" type="1">
        <cx>103.91</cx>
        <cy>57.84</cy>
      </node>
      <node id="5" type="1">
        <cx>87.39</cx>
        <cy>110.72</cy>
      </node>
      <node id="6" type="1">
        <cx>18.85</cx>
        <cy>8.36</cy>
      </node>
      <node id="7" type="1">
        <cx>3.74</cx>
        <cy>70.61</cy>
      </node>
      <node id="8" type="1">
        <cx>72.23</cx>
        <cy>63.04</cy>
      </node>
      <node id="9" type="1">
        <cx>113.84</cx>
        <cy>88.54</cy>
      </node>
      <node id="10" type="1">
        <cx>111.63</cx>
        <cy>15.9</cy>
      </node>
      <node id="11" type="1">
        <cx>50.22</cx>
        <cy>8.85</cy>
      </node>
      <node id="12" type="1">
        <cx>44.56</cx>
        <cy>26.63</cy>
      </node>
      <node id="13" type="1">
        <cx>41.51</cx>
        <cy>64.94</cy>
      </node>
      <node id="14" type="1">
        <cx>21.53</cx>
        <cy>46.13</cy>
      </node>
      <node id="15" type="1">
        <cx>27.04</cx>
        <cy>91.22</cy>
      </node>
      <node id="16" type="1">
        <cx>6.95</cx>
        <cy>1.12</cy>
      </node>
      <node id="17" type="1">
        <cx>51.03</cx>
        <cy>95.32</cy>
      </node>
      <node id="18" type="1">
        <cx>37.67</cx>
        <cy>23.41</cy>
      </node>
      <node id="19" type="1">
        <cx>95.18</cx>
        <cy>88.26</cy>
      </node>
      <node id="20" type="1">
        <cx>27.08</cx>
        <cy>92.3</cy>
      </node>
      <node id="21" type="1">
        <cx>2.64</cx>
        <cy>4.88</cy>
      </node>
      <node id="22" type="1">
        <cx>34.38</cx>
        <cy>74.51</cy>
      </node>
      <node id="23" type="1">
        <cx>5.32</cx>
        <cy>34.96</cy>
      </node>
      <node id="24" type="1">
        <cx>84.05</cx>
        <cy>96.54</cy>
      </node>
      <node id="25" type="1">
        <cx>68.63</cx>
        <cy>7.53</cy>
      </node>
      <node id="26" type="1">
        <cx>89.58</cx>
        <cy>108.11</cy>
      </node>
      <node id="27" type="1">
        <cx>93.81</cx>
        <cy>106.6</cy>
      </node>
      <node id="28" type="1">
        <cx>48.73</cx>
        <cy>112.85</cy>
      </node>
      <node id="29" type="1">
        <cx>7.9</cx>
        <cy>105.98</cy>
      </node>
      <node id="30" type="1">
        <cx>114.01</cx>
        <cy>93.83</cy>
      </node>
      <node id="31" type="1">
        <cx>84.77</cx>
        <cy>54.2</cy>
      </node>
      <node id="32" type="1">
        <cx>2.6</cx>
        <cy>26.76</cy>
      </node>
      <node id="33" type="1">
        <cx>38.22</cx>
        <cy>77.39</cy>
      </node>
      <node id="34" type="1">
        <cx>14.18</cx>
        <cy>32.39</cy>
      </node>
      <node id="35" type="1">
        <cx>108.88</cx>
        <cy>18.86</cy>
      </node>
      <node id="36" type="1">
        <cx>32.99</cx>
        <cy>112.33</cy>
      </node>
      <node id="37" type="1">
        <cx>51.72</cx>
        <cy>78.61</cy>
      </node>
      <node id="38" type="1">
        <cx>22.01</cx>
        <cy>78.82</cy>
      </node>
      <node id="39" type="1">
        <cx>99.37</cx>
        <cy>14.06</cy>
      </node>
      <node id="40" type="1">
        <cx>112.9</cx>
        <cy>109.3</cy>
      </node>
      <node id="41" type="1">
        <cx>68.88</cx>
        <cy>15.48</cy>
      </node>
      <node id="42" type="1">
        <cx>14.16</cx>
        <cy>110.19</cy>
      </node>
      <node id="43" type="1">
        <cx>115.47</cx>
        <cy>75.33</cy>
      </node>
      <node id="44" type="1">
        <cx>103.12</cx>
        <cy>42.05</cy>
      </node>
      <node id="45" type="1">
        <cx>56.72</cx>
        <cy>50.08</cy>
      </node>
      <node id="46" type="1">
        <cx>34.02</cx>
        <cy>99.87</cy>
      </node>
      <node id="47" type="1">
        <cx>94.12</cx>
        <cy>106.37</cy>
      </node>
      <node id="48" type="1">
        <cx>64.75</cx>
        <cy>76.91</cy>
      </node>
      <node id="49" type="1">
        <cx>26.46</cx>
        <cy>90.52</cy>
      </node>
      <node id="50" type="1">
        <cx>59.26</cx>
        <cy>49.77</cy>
      </node>
      <node id="51" type="1">
        <cx>80.05</cx>
        <cy>40.87</cy>
      </node>
      <node id="52" type="1">
        <cx>20.11</cx>
        <cy>104.81</cy>
      </node>
      <node id="53" type="1">
        <cx>36.28</cx>
        <cy>97.15</cy>
      </node>
      <node id="54" type="1">
        <cx>88.02</cx>
        <cy>62.4</cy>
      </node>
      <node id="55" type="1">
        <cx>94.96</cx>
        <cy>9.26</cy>
      </node>
      <node id="56" type="1">
        <cx>9.89</cx>
        <cy>5.74</cy>
      </node>
      <node id="57" type="1">
        <cx>114.52</cx>
        <cy>69.65</cy>
      </node>
      <node id="58" type="1">
        <cx>86.64</cx>
        <cy>84.54</cy>
      </node>
      <node id="59" type="1">
        <cx>36.2</cx>
        <cy>109.64</cy>
      </node>
      <node id="60" type="1">
        <cx>4.69</cx>
        <cy>21.96</cy>
      </node>
      <node id="61" type="1">
        <cx>28.89</cx>
        <cy>49.06</cy>
      </node>
      <node id="62" type="1">
        <cx>91.86</cx>
        <cy>84.05</cy>
      </node>
      <node id="63" type="1">
        <cx>25.33</cx>
        <cy>12.06</cy>
      </node>
      <node id="64" type="1">
        <cx>98.69</cx>
        <cy>96.46</cy>
      </node>
      <node id="65" type="1">
        <cx>57.06</cx>
        <cy>19.1</cy>
      </node>
      <node id="66" type="1">
        <cx>70.55</cx>
        <cy>11.75</cy>
      </node>
      <node id="67" type="1">
        <cx>97.16</cx>
        <cy>95.35</cy>
      </node>
      <node id="68" type="1">
        <cx>3.64</cx>
        <cy>63.57</cy>
      </node>
      <node id="69" type="1">
        <cx>104.2</cx>
        <cy>100.9</cy>
      </node>
      <node id="70" type="1">
        <cx>9.91</cx>
        <cy>9.93</cy>
      </node>
      <node id="71" type="1">
        <cx>69.6</cx>
        <cy>85.81</cy>
      </node>
      <node id="72" type="1">
        <cx>11.02</cx>
        <cy>88.36</cy>
      </node>
      <node id="73" type="1">
        <cx>62.85</cx>
        <cy>25.41</cy>
      </node>
      <node id="74" type="1">
        <cx>21.08</cx>
        <cy>39.25</cy>
      </node>
      <node id="75" type="1">
        <cx>104.98</cx>
        <cy>76.89</cy>
      </node>
      <node id="76" type="1">
        <cx>100.32</cx>
        <cy>61.5</cy>
      </node>
      <node id="77" type="1">
        <cx>20.71</cx>
        <cy>17.63</cy>
      </node>
      <node id="78" type="1">
        <cx>29.09</cx>
        <cy>45.84</cy>
      </node>
      <node id="79" type="1">
        <cx>103.06</cx>
        <cy>79.11</cy>
      </node>
      <node id="80" type="1">
        <cx>21.46</cx>
        <cy>46.43</cy>
      </node>
      <node id="81" type="1">
        <cx>31.6</cx>
        <cy>97.07</cy>
      </node>
      <node id="82" type="1">
        <cx>92.28</cx>
        <cy>20.14</cy>
      </node>
      <node id="83" type="1">
        <cx>56.46</cx>
        <cy>39.48</cy>
      </node>
      <node id="84" type="1">
        <cx>89.36</cx>
        <cy>65.43</cy>
      </node>
      <node id="85" type="1">
        <cx>35.33</cx>
        <cy>108.38</cy>
      </node>
      <node id="86" type="1">
        <cx>23.96</cx>
        <cy>49.4</cy>
      </node>
      <node id="87" type="1">
        <cx>48.75</cx>
        <cy>19.55</cy>
      </node>
      <node id="88" type="1">
        <cx>58.52</cx>
        <cy>61.37</cy>
      </node>
      <node id="89" type="1">
        <cx>61.76</cx>
        <cy>66.64</cy>
      </node>
      <node id="90" type="1">
        <cx>19.4</cx>
        <cy>15.42</cy>
      </node>
      <node id="91" type="1">
        <cx>45.81</cx>
        <cy>11.35</cy>
      </node>
      <node id="92" type="1">
        <cx>75.64</cx>
        <cy>61.89</cy>
      </node>
      <node id="93" type="1">
        <cx>44.54</cx>
        <cy>71.34</cy>
      </node>
      <node id="94" type="1">
        <cx>61.13</cx>
        <cy>59.23</cy>
      </node>
      <node id="95" type="1">
        <cx>20.91</cx>
        <cy>100.52</cy>
      </node>
      <node id="96" type="1">
        <cx>58.29</cx>
        <cy>2.6</cy>
      </node>
      <node id="97" type="1">
        <cx>40.1</cx>
        <cy>33.36</cy>
      </node>
      <node id="98" type="1">
        <cx>105.39</cx>
        <cy>84.62</cy>
      </node>
      <node id="99" type="1">
        <cx>23.94</cx>
        <cy>35.72</cy>
      </node>
      <node id="100" type="1">
        <cx>117.47</cx>
        <cy>16.23</cy>
      </node>
      <node id="101" type="1">
        <cx>117.27</cx>
        <cy>89.12</cy>
      </node>
      <node id="102" type="1">
        <cx>82.86</cx>
        <cy>81.99</cy>
      </node>
      <node id="103" type="1">
        <cx>75.26</cx>
        <cy>53.57</cy>
      </node>
      <node id="104" type="1">
        <cx>112.2</cx>
        <cy>104.22</cy>
      </node>
      <node id="105" type="1">
        <cx>52.98</cx>
        <cy>86.19</cy>
      </node>
      <node id="106" type="1">
        <cx>96.57</cx>
        <cy>84.4</cy>
      </node>
      <node id="107" type="1">
        <cx>34.65</cx>
        <cy>38.44</cy>
      </node>
      <node id="108" type="1">
        <cx>53.94</cx>
        <cy>57.62</cy>
      </node>
      <node id="109" type="1">
        <cx>79.6</cx>
        <cy>34.48</cy>
      </node>
      <node id="110" type="1">
        <cx>29.87</cx>
        <cy>37.51</cy>
      </node>
      <node id="111" type="1">
        <cx>105.88</cx>
        <cy>6.16</cy>
      </node>
      <node id="112" type="1">
        <cx>108.97</cx>
        <cy>43.98</cy>
      </node>
      <node id="113" type="1">
        <cx>119.32</cx>
        <cy>87.34</cy>
      </node>
      <node id="114" type="1">
        <cx>87.62</cx>
        <cy>15.08</cy>
      </node>
      <node id="115" type="1">
        <cx>27.3</cx>
        <cy>10.97</cy>
      </node>
      <node id="116" type="1">
        <cx>56.54</cx>
        <cy>26.92</cy>
      </node>
      <node id="117" type="1">
        <cx>11.05</cx>
        <cy>86.65</cy>
      </node>
      <node id="118" type="1">
        <cx>103.36</cx>
        <cy>41.81</cy>
      </node>
      <node id="119" type="1">
        <cx>68.91</cx>
        <cy>4.92</cy>
      </node>
      <node id="120" type="1">
        <cx>10.87</cx>
        <cy>55.15</cy>
      </node>
      <node id="121" type="1">
        <cx>25.33</cx>
        <cy>56.29</cy>
      </node>
      <node id="122" type="1">
        <cx>35.65</cx>
        <cy>15.18</cy>
      </node>
      <node id="123" type="1">
        <cx>26.44</cx>
        <cy>88.87</cy>
      </node>
      <node id="124" type="1">
        <cx>44.98</cx>
        <cy>7.59</cy>
      </node>
      <node id="125" type="1">
        <cx>32.69</cx>
        <cy>58.03</cy>
      </node>
      <node id="126" type="1">
        <cx>26.3</cx>
        <cy>8.09</cy>
      </node>
      <node id="127" type="1">
        <cx>112.89</cx>
        <cy>64.41</cy>
      </node>
      <node id="128" type="1">
        <cx>104.16</cx>
        <cy>51.42</cy>
      </node>
      <node id="129" type="1">
        <cx>40.95</cx>
        <cy>14.22</cy>
      </node>
      <node id="130" type="1">
        <cx>103.65</cx>
        <cy>63.91</cy>
      </node>
      <node id="131" type="1">
        <cx>117.96</cx>
        <cy>105.79</cy>
      </node>
      <node id="132" type="1">
        <cx>67.27</cx>
        <cy>99.58</cy>
      </node>
      <node id="133" type="1">
        <cx>46.91</cx>
        <cy>11.39</cy>
      </node>
      <node id="134" type="1">
        <cx>3.85</cx>
        <cy>65.75</cy>
      </node>
      <node id="135" type="1">
        <cx>75.88</cx>
        <cy>81.26</cy>
      </node>
      <node id="136" type="1">
        <cx>83.68</cx>
        <cy>64.74</cy>
      </node>
      <node id="137" type="1">
        <cx>57.96</cx>
        <cy>68.99</cy>
      </node>
      <node id="138" type="1">
        <cx>92.98</cx>
        <cy>51.64</cy>
      </node>
      <node id="139" type="1">
        <cx>72.09</cx>
        <cy>2.85</cy>
      </node>
      <node id="140" type="1">
        <cx>23.91</cx>
        <cy>96.11</cy>
      </node>
      <node id="141" type="1">
        <cx>88.94</cx>
        <cy>67.56</cy>
      </node>
      <node id="142" type="1">
        <cx>83.11</cx>
        <cy>57.29</cy>
      </node>
      <node id="143" type="1">
        <cx>89.26</cx>
        <cy>33.88</cy>
      </node>
      <node id="144" type="1">
        <cx>31.81</cx>
        <cy>16.13</cy>
      </node>
      <node id="145" type="1">
        <cx>89.89</cx>
        <cy>80.5</cy>
      </node>
      <node id="146" type="1">
        <cx>65.22</cx>
        <cy>38.3</cy>
      </node>
      <node id="147" type="1">
        <cx>103.06</cx>
        <cy>73.56</cy>
      </node>
      <node id="148" type="1">
        <cx>116.44</cx>
        <cy>83.51</cy>
      </node>
      <node id="149" type="1">
        <cx>30.05</cx>
        <cy>63.57</cy>
      </node>
      <node id="150" type="1">
        <cx>11.98</cx>
        <cy>93.27</cy>
      </node>
      <node id="151" type="1">
        <cx>68.26</cx>
        <cy>47.57</cy>
      </node>
      <node id="152" type="1">
        <cx>111.47</cx>
        <cy>79.48</cy>
      </node>
      <node id="153" type="1">
        <cx>33.58</cx>
        <cy>46.59</cy>
      </node>
      <node id="154" type="1">
        <cx>53.22</cx>
        <cy>39.84</cy>
      </node>
      <node id="155" type="1">
        <cx>65.48</cx>
        <cy>24.21</cy>
      </node>
      <node id="156" type="1">
        <cx>40.1</cx>
        <cy>103.96</cy>
      </node>
      <node id="157" type="1">
        <cx>12.53</cx>
        <cy>81.22</cy>
      </node>
      <node id="158" type="1">
        <cx>17.32</cx>
        <cy>65.16</cy>
      </node>
      <node id="159" type="1">
        <cx>69.21</cx>
        <cy>25.09</cy>
      </node>
      <node id="160" type="1">
        <cx>113.51</cx>
        <cy>18.28</cy>
      </node>
      <node id="161" type="2">
        <cx>1.24</cx>
        <cy>12.56</cy>
        <custom>
          <cs_type>slow</cs_type>
        </custom>
      </node>
      <node id="162" type="2">
        <cx>68.3</cx>
        <cy>93.6</cy>
        <custom>
          <cs_type>fast</cs_type>
        </custom>
      </node>
      <node id="163" type="2">
        <cx>41.05</cx>
        <cy>59.64</cy>
        <custom>
          <cs_type>normal</cs_type>
        </custom>
      </node>
      <node id="164" type="2">
        <cx>52.05</cx>
        <cy>91.64</cy>
        <custom>
          <cs_type>slow</cs_type>
        </custom>
      </node>
      <node id="165" type="2">
        <cx>10.93</cx>
        <cy>69.36</cy>
        <custom>
          <cs_type>normal</cs_type>
        </custom>
      </node>
      <node id="166" type="2">
        <cx>99.73</cx>
        <cy>39.82</cy>
        <custom>
          <cs_type>fast</cs_type>
        </custom>
      </node>
      <node id="167" type="2">
        <cx>52.68</cx>
        <cy>21.09</cy>
        <custom>
          <cs_type>slow</cs_type>
        </custom>
      </node>
      <node id="168" type="2">
        <cx>62.29</cx>
        <cy>26.33</cy>
        <custom>
          <cs_type>slow</cs_type>
        </custom>
      </node>
      <node id="169" type="2">
        <cx>76.91</cx>
        <cy>70.22</cy>
        <custom>
          <cs_type>normal</cs_type>
        </custom>
      </node>
      <node id="170" type="2">
        <cx>113.72</cx>
        <cy>46.02</cy>
        <custom>
          <cs_type>slow</cs_type>
        </custom>
      </node>
      <node id="171" type="2">
        <cx>74.69</cx>
        <cy>41.63</cy>
        <custom>
          <cs_type>slow</cs_type>
        </custom>
      </node>
      <node id="172" type="2">
        <cx>92.07</cx>
        <cy>22.0</cy>
        <custom>
          <cs_type>slow</cs_type>
        </custom>
      </node>
      <node id="173" type="2">
        <cx>102.67</cx>
        <cy>93.01</cy>
        <custom>
          <cs_type>normal</cs_type>
        </custom>
      </node>
      <node id="174" type="2">
        <cx>18.69</cx>
        <cy>38.93</cy>
        <custom>
          <cs_type>fast</cs_type>
        </custom>
      </node>
      <node id="175" type="2">
        <cx>44.65</cx>
        <cy>35.8</cy>
        <custom>
          <cs_type>slow</cs_type>
        </custom>
      </node>
      <node id="176" type="2">
        <cx>60.63</cx>
        <cy>44.89</cy>
        <custom>
          <cs_type>normal</cs_type>
        </custom>
      </node>
    </nodes>
    <euclidean />
    <decimals>14</decimals>
  </network>
  <fleet>
    <vehicle_profile type="0">
      <departure_node>0</departure_node>
      <arrival_node>0</arrival_node>
      <max_travel_time>10</max_travel_time>
      <speed_factor>40</speed_factor>
      <custom>
        <consumption_rate>125</consumption_rate>
        <battery_capacity>16000</battery_capacity>
        <charging_functions>
          <function cs_type="fast">
            <breakpoint>
              <battery_level>0</battery_level>
              <charging_time>0.0</charging_time>
            </breakpoint>
            <breakpoint>
              <battery_level>13600</battery_level>
              <charging_time>0.31</charging_time>
            </breakpoint>
            <breakpoint>
              <battery_level>15200</battery_level>
              <charging_time>0.39</charging_time>
            </breakpoint>
            <breakpoint>
              <battery_level>16000</battery_level>
              <charging_time>0.51</charging_time>
            </breakpoint>
          </function>
          <function cs_type="normal">
            <breakpoint>
              <battery_level>0</battery_level>
              <charging_time>0.0</charging_time>
            </breakpoint>
            <breakpoint>
              <battery_level>13600</battery_level>
              <charging_time>0.62</charging_time>
            </breakpoint>
            <breakpoint>
              <battery_level>15200</battery_level>
              <charging_time>0.77</charging_time>
            </breakpoint>
            <breakpoint>
              <battery_level>16000</battery_level>
              <charging_time>1.01</charging_time>
            </breakpoint>
          </function>
          <function cs_type="slow">
            <breakpoint>
              <battery_level>0</battery_level>
              <charging_time>0.0</charging_time>
            </breakpoint>
            <breakpoint>
              <battery_level>13600</battery_level>
              <charging_time>1.26</charging_time>
            </breakpoint>
            <breakpoint>
              <battery_level>15200</battery_level>
              <charging_time>1.54</charging_time>
            </breakpoint>
            <breakpoint>
              <battery_level>16000</battery_level>
              <charging_time>2.04</charging_time>
            </breakpoint>
          </function>
        </charging_functions>
      </custom>
    </vehicle_profile>
  </fleet>
  <requests>
    <request id="1" node="1">
      <service_time>0.5</service_time>
    </request>
    <request id="2" node="2">
      <service_time>0.5</service_time>
    </request>
    <request id="3" node="3">
      <service_time>0.5</service_time>
    </request>
    <request id="4" node="4">
      <service_time>0.5</service_time>
    </request>
    <request id="5" node="5">
      <service_time>0.5</service_time>
    </request>
    <request id="6" node="6">
      <service_time>0.5</service_time>
    </request>
    <request id="7" node="7">
      <service_time>0.5</service_time>
    </request>
    <request id="8" node="8">
      <service_time>0.5</service_time>
    </request>
    <request id="9" node="9">
      <service_time>0.5</service_time>
    </request>
    <request id="10" node="10">
      <service_time>0.5</service_time>
    </request>
    <request id="11" node="11">
      <service_time>0.5</service_time>
    </request>
    <request id="12" node="12">
      <service_time>0.5</service_time>
    </request>
    <request id="13" node="13">
      <service_time>0.5</service_time>
    </request>
    <request id="14" node="14">
      <service_time>0.5</service_time>
    </request>
    <request id="15" node="15">
      <service_time>0.5</service_time>
    </request>
    <request id="16" node="16">
      <service_time>0.5</service_time>
    </request>
    <request id="17" node="17">
      <service_time>0.5</service_time>
    </request>
    <request id="18" node="18">
      <service_time>0.5</service_time>
    </request>
    <request id="19" node="19">
      <service_time>0.5</service_time>
    </request>
    <request id="20" node="20">
      <service_time>0.5</service_time>
    </request>
    <request id="21" node="21">
      <service_time>0.5</service_time>
    </request>
    <request id="22" node="22">
      <service_time>0.5</service_time>
    </request>
    <request id="23" node="23">
      <service_time>0.5</service_time>
    </request>
    <request id="24" node="24">
      <service_time>0.5</service_time>
    </request>
    <request id="25" node="25">
      <service_time>0.5</service_time>
    </request>
    <request id="26" node="26">
      <service_time>0.5</service_time>
    </request>
    <request id="27" node="27">
      <service_time>0.5</service_time>
    </request>
    <request id="28" node="28">
      <service_time>0.5</service_time>
    </request>
    <request id="29" node="29">
      <service_time>0.5</service_time>
    </request>
    <request id="30" node="30">
      <service_time>0.5</service_time>
    </request>
    <request id="31" node="31">
      <service_time>0.5</service_time>
    </request>
    <request id="32" node="32">
      <service_time>0.5</service_time>
    </request>
    <request id="33" node="33">
      <service_time>0.5</service_time>
    </request>
    <request id="34" node="34">
      <service_time>0.5</service_time>
    </request>
    <request id="35" node="35">
      <service_time>0.5</service_time>
    </request>
    <request id="36" node="36">
      <service_time>0.5</service_time>
    </request>
    <request id="37" node="37">
      <service_time>0.5</service_time>
    </request>
    <request id="38" node="38">
      <service_time>0.5</service_time>
    </request>
    <request id="39" node="39">
      <service_time>0.5</service_time>
    </request>
    <request id="40" node="40">
      <service_time>0.5</service_time>
    </request>
    <request id="41" node="41">
      <service_time>0.5</service_time>
    </request>
    <request id="42" node="42">
      <service_time>0.5</service_time>
    </request>
    <request id="43" node="43">
      <service_time>0.5</service_time>
    </request>
    <request id="44" node="44">
      <service_time>0.5</service_time>
    </request>
    <request id="45" node="45">
      <service_time>0.5</service_time>
    </request>
    <request id="46" node="46">
      <service_time>0.5</service_time>
    </request>
    <request id="47" node="47">
      <service_time>0.5</service_time>
    </request>
    <request id="48" node="48">
      <service_time>0.5</service_time>
    </request>
    <request id="49" node="49">
      <service_time>0.5</service_time>
    </request>
    <request id="50" node="50">
      <service_time>0.5</service_time>
    </request>
    <request id="51" node="51">
      <service_time>0.5</service_time>
    </request>
    <request id="52" node="52">
      <service_time>0.5</service_time>
    </request>
    <request id="53" node="53">
      <service_time>0.5</service_time>
    </request>
    <request id="54" node="54">
      <service_time>0.5</service_time>
    </request>
    <request id="55" node="55">
      <service_time>0.5</service_time>
    </request>
    <request id="56" node="56">
      <service_time>0.5</service_time>
    </request>
    <request id="57" node="57">
      <service_time>0.5</service_time>
    </request>
    <request id="58" node="58">
      <service_time>0.5</service_time>
    </request>
    <request id="59" node="59">
      <service_time>0.5</service_time>
    </request>
    <request id="60" node="60">
      <service_time>0.5</service_time>
    </request>
    <request id="61" node="61">
      <service_time>0.5</service_time>
    </request>
    <request id="62" node="62">
      <service_time>0.5</service_time>
    </request>
    <request id="63" node="63">
      <service_time>0.5</service_time>
    </request>
    <request id="64" node="64">
      <service_time>0.5</service_time>
    </request>
    <request id="65" node="65">
      <service_time>0.5</service_time>
    </request>
    <request id="66" node="66">
      <service_time>0.5</service_time>
    </request>
    <request id="67" node="67">
      <service_time>0.5</service_time>
    </request>
    <request id="68" node="68">
      <service_time>0.5</service_time>
    </request>
    <request id="69" node="69">
      <service_time>0.5</service_time>
    </request>
    <request id="70" node="70">
      <service_time>0.5</service_time>
    </request>
    <request id="71" node="71">
      <service_time>0.5</service_time>
    </request>
    <request id="72" node="72">
      <service_time>0.5</service_time>
    </request>
    <request id="73" node="73">
      <service_time>0.5</service_time>
    </request>
    <request id="74" node="74">
      <service_time>0.5</service_time>
    </request>
    <request id="75" node="75">
      <service_time>0.5</service_time>
    </request>
    <request id="76" node="76">
      <service_time>0.5</service_time>
    </request>
    <request id="77" node="77">
      <service_time>0.5</service_time>
    </request>
    <request id="78" node="78">
      <service_time>0.5</service_time>
    </request>
    <request id="79" node="79">
      <service_time>0.5</service_time>
    </request>
    <request id="80" node="80">
      <service_time>0.5</service_time>
    </request>
    <request id="81" node="81">
      <service_time>0.5</service_time>
    </request>
    <request id="82" node="82">
      <service_time>0.5</service_time>
    </request>
    <request id="83" node="83">
      <service_time>0.5</service_time>
    </request>
    <request id="84" node="84">
      <service_time>0.5</service_time>
    </request>
    <request id="85" node="85">
      <service_time>0.5</service_time>
    </request>
    <request id="86" node="86">
      <service_time>0.5</service_time>
    </request>
    <request id="87" node="87">
      <service_time>0.5</service_time>
    </request>
    <request id="88" node="88">
      <service_time>0.5</service_time>
    </request>
    <request id="89" node="89">
      <service_time>0.5</service_time>
    </request>
    <request id="90" node="90">
      <service_time>0.5</service_time>
    </request>
    <request id="91" node="91">
      <service_time>0.5</service_time>
    </request>
    <request id="92" node="92">
      <service_time>0.5</service_time>
    </request>
    <request id="93" node="93">
      <service_time>0.5</service_time>
    </request>
    <request id="94" node="94">
      <service_time>0.5</service_time>
    </request>
    <request id="95" node="95">
      <service_time>0.5</service_time>
    </request>
    <request id="96" node="96">
      <service_time>0.5</service_time>
    </request>
    <request id="97" node="97">
      <service_time>0.5</service_time>
    </request>
    <request id="98" node="98">
      <service_time>0.5</service_time>
    </request>
    <request id="99" node="99">
      <service_time>0.5</service_time>
    </request>
    <request id="100" node="100">
      <service_time>0.5</service_time>
    </request>
    <request id="101" node="101">
      <service_time>0.5</service_time>
    </request>
    <request id="102" node="102">
      <service_time>0.5</service_time>
    </request>
    <request id="103" node="103">
      <service_time>0.5</service_time>
    </request>
    <request id="104" node="104">
      <service_time>0.5</service_time>
    </request>
    <request id="105" node="105">
      <service_time>0.5</service_time>
    </request>
    <request id="106" node="106">
      <service_time>0.5</service_time>
    </request>
    <request id="107" node="107">
      <service_time>0.5</service_time>
    </request>
    <request id="108" node="108">
      <service_time>0.5</service_time>
    </request>
    <request id="109" node="109">
      <service_time>0.5</service_time>
    </request>
    <request id="110" node="110">
      <service_time>0.5</service_time>
    </request>
    <request id="111" node="111">
      <service_time>0.5</service_time>
    </request>
    <request id="112" node="112">
      <service_time>0.5</service_time>
    </request>
    <request id="113" node="113">
      <service_time>0.5</service_time>
    </request>
    <request id="114" node="114">
      <service_time>0.5</service_time>
    </request>
    <request id="115" node="115">
      <service_time>0.5</service_time>
    </request>
    <request id="116" node="116">
      <service_time>0.5</service_time>
    </request>
    <request id="117" node="117">
      <service_time>0.5</service_time>
    </request>
    <request id="118" node="118">
      <service_time>0.5</service_time>
    </request>
    <request id="119" node="119">
      <service_time>0.5</service_time>
    </request>
    <request id="120" node="120">
      <service_time>0.5</service_time>
    </request>
    <request id="121" node="121">
      <service_time>0.5</service_time>
    </request>
    <request id="122" node="122">
      <service_time>0.5</service_time>
    </request>
    <request id="123" node="123">
      <service_time>0.5</service_time>
    </request>
    <request id="124" node="124">
      <service_time>0.5</service_time>
    </request>
    <request id="125" node="125">
      <service_time>0.5</service_time>
    </request>
    <request id="126" node="126">
      <service_time>0.5</service_time>
    </request>
    <request id="127" node="127">
      <service_time>0.5</service_time>
    </request>
    <request id="128" node="128">
      <service_time>0.5</service_time>
    </request>
    <request id="129" node="129">
      <service_time>0.5</service_time>
    </request>
    <request id="130" node="130">
      <service_time>0.5</service_time>
    </request>
    <request id="131" node="131">
      <service_time>0.5</service_time>
    </request>
    <request id="132" node="132">
      <service_time>0.5</service_time>
    </request>
    <request id="133" node="133">
      <service_time>0.5</service_time>
    </request>
    <request id="134" node="134">
      <service_time>0.5</service_time>
    </request>
    <request id="135" node="135">
      <service_time>0.5</service_time>
    </request>
    <request id="136" node="136">
      <service_time>0.5</service_time>
    </request>
    <request id="137" node="137">
      <service_time>0.5</service_time>
    </request>
    <request id="138" node="138">
      <service_time>0.5</service_time>
    </request>
    <request id="139" node="139">
      <service_time>0.5</service_time>
    </request>
    <request id="140" node="140">
      <service_time>0.5</service_time>
    </request>
    <request id="141" node="141">
      <service_time>0.5</service_time>
    </request>
    <request id="142" node="142">
      <service_time>0.5</service_time>
    </request>
    <request id="143" node="143">
      <service_time>0.5</service_time>
    </request>
    <request id="144" node="144">
      <service_time>0.5</service_time>
    </request>
    <request id="145" node="145">
      <service_time>0.5</service_time>
    </request>
    <request id="146" node="146">
      <service_time>0.5</service_time>
    </request>
    <request id="147" node="147">
      <service_time>0.5</service_time>
    </request>
    <request id="148" node="148">
      <service_time>0.5</service_time>
    </request>
    <request id="149" node="149">
      <service_time>0.5</service_time>
    </request>
    <request id="150" node="150">
      <service_time>0.5</service_time>
    </request>
    <request id="151" node="151">
      <service_time>0.5</service_time>
    </request>
    <request id="152" node="152">
      <service_time>0.5</service_time>
    </request>
    <request id="153" node="153">
      <service_time>0.5</service_time>
    </request>
    <request id="154" node="154">
      <service_time>0.5</service_time>
    </request>
    <request id="155" node="155">
      <service_time>0.5</service_time>
    </request>
    <request id="156" node="156">
      <service_time>0.5</service_time>
    </request>
    <request id="157" node="157">
      <service_time>0.5</service_time>
    </request>
    <request id="158" node="158">
      <service_time>0.5</service_time>
    </request>
    <request id="159" node="159">
      <service_time>0.5</service_time>
    </request>
    <request id="160" node="160">
      <service_time>0.5</service_time>
    </request>
  </requests>
</instance>
