<?xml version="1.0" encoding="UTF-8"?>
<instance>
  <info>
    <dataset>Montoya et al. 2016</dataset>
    <name>tc1c80s8cf2</name>
  </info>
  <network>
    <nodes>
      <node id="0" type="0">
        <cx>39.45</cx>
        <cy>58.0</cy>
      </node>
      <node id="1" type="1">
        <cx>4.28</cx>
        <cy>52.35</cy>
      </node>
      <node id="2" type="1">
        <cx>2.71</cx>
        <cy>57.57</cy>
      </node>
      <node id="3" type="1">
        <cx>1.09</cx>
        <cy>53.97</cy>
      </node>
      <node id="4" type="1">
        <cx>7.38</cx>
        <cy>55.14</cy>
      </node>
      <node id="5" type="1">
        <cx>6.84</cx>
        <cy>57.32</cy>
      </node>
      <node id="6" type="1">
        <cx>1.84</cx>
        <cy>56.64</cy>
      </node>
      <node id="7" type="1">
        <cx>7.73</cx>
        <cy>37.3</cy>
      </node>
      <node id="8" type="1">
        <cx>6.96</cx>
        <cy>32.41</cy>
      </node>
      <node id="9" type="1">
        <cx>3.82</cx>
        <cy>39.85</cy>
      </node>
      <node id="10" type="1">
        <cx>4.69</cx>
        <cy>34.47</cy>
      </node>
      <node id="11" type="1">
        <cx>4.9</cx>
        <cy>35.56</cy>
      </node>
      <node id="12" type="1">
        <cx>6.22</cx>
        <cy>36.8</cy>
      </node>
      <node id="13" type="1">
        <cx>75.78</cx>
        <cy>98.08</cy>
      </node>
      <node id="14" type="1">
        <cx>72.69</cx>
        <cy>96.64</cy>
      </node>
      <node id="15" type="1">
        <cx>70.35</cx>
        <cy>99.59</cy>
      </node>
      <node id="16" type="1">
        <cx>70.95</cx>
        <cy>94.77</cy>
      </node>
      <node id="17" type="1">
        <cx>79.5</cx>
        <cy>97.75</cy>
      </node>
      <node id="18" type="1">
        <cx>73.77</cx>
        <cy>99.53</cy>
      </node>
      <node id="19" type="1">
        <cx>77.61</cx>
        <cy>89.2</cy>
      </node>
      <node id="20" type="1">
        <cx>72.58</cx>
        <cy>90.87</cy>
      </node>
      <node id="21" type="1">
        <cx>80.81</cx>
        <cy>89.76</cy>
      </node>
      <node id="22" type="1">
        <cx>74.57</cx>
        <cy>89.97</cy>
      </node>
      <node id="23" type="1">
        <cx>75.42</cx>
        <cy>88.7</cy>
      </node>
      <node id="24" type="1">
        <cx>78.91</cx>
        <cy>86.89</cy>
      </node>
      <node id="25" type="1">
        <cx>25.11</cx>
        <cy>25.67</cy>
      </node>
      <node id="26" type="1">
        <cx>29.18</cx>
        <cy>24.89</cy>
      </node>
      <node id="27" type="1">
        <cx>30.99</cx>
        <cy>25.49</cy>
      </node>
      <node id="28" type="1">
        <cx>22.26</cx>
        <cy>20.44</cy>
      </node>
      <node id="29" type="1">
        <cx>25.81</cx>
        <cy>24.13</cy>
      </node>
      <node id="30" type="1">
        <cx>29.92</cx>
        <cy>25.51</cy>
      </node>
      <node id="31" type="1">
        <cx>64.25</cx>
        <cy>60.62</cy>
      </node>
      <node id="32" type="1">
        <cx>63.99</cx>
        <cy>61.05</cy>
      </node>
      <node id="33" type="1">
        <cx>63.75</cx>
        <cy>58.08</cy>
      </node>
      <node id="34" type="1">
        <cx>69.9</cx>
        <cy>59.82</cy>
      </node>
      <node id="35" type="1">
        <cx>61.58</cx>
        <cy>55.57</cy>
      </node>
      <node id="36" type="1">
        <cx>65.46</cx>
        <cy>58.75</cy>
      </node>
      <node id="37" type="1">
        <cx>42.15</cx>
        <cy>38.48</cy>
      </node>
      <node id="38" type="1">
        <cx>42.44</cx>
        <cy>42.83</cy>
      </node>
      <node id="39" type="1">
        <cx>42.22</cx>
        <cy>43.79</cy>
      </node>
      <node id="40" type="1">
        <cx>45.06</cx>
        <cy>42.83</cy>
      </node>
      <node id="41" type="1">
        <cx>107.37</cx>
        <cy>109.28</cy>
      </node>
      <node id="42" type="1">
        <cx>65.52</cx>
        <cy>26.25</cy>
      </node>
      <node id="43" type="1">
        <cx>69.39</cx>
        <cy>115.53</cy>
      </node>
      <node id="44" type="1">
        <cx>15.93</cx>
        <cy>87.92</cy>
      </node>
      <node id="45" type="1">
        <cx>25.5</cx>
        <cy>22.34</cy>
      </node>
      <node id="46" type="1">
        <cx>116.22</cx>
        <cy>87.11</cy>
      </node>
      <node id="47" type="1">
        <cx>1.35</cx>
        <cy>61.74</cy>
      </node>
      <node id="48" type="1">
        <cx>55.48</cx>
        <cy>79.17</cy>
      </node>
      <node id="49" type="1">
        <cx>69.69</cx>
        <cy>112.13</cy>
      </node>
      <node id="50" type="1">
        <cx>69.25</cx>
        <cy>28.34</cy>
      </node>
      <node id="51" type="1">
        <cx>62.08</cx>
        <cy>46.55</cy>
      </node>
      <node id="52" type="1">
        <cx>56.38</cx>
        <cy>94.11</cy>
      </node>
      <node id="53" type="1">
        <cx>63.79</cx>
        <cy>84.1</cy>
      </node>
      <node id="54" type="1">
        <cx>51.05</cx>
        <cy>110.0</cy>
      </node>
      <node id="55" type="1">
        <cx>81.45</cx>
        <cy>23.99</cy>
      </node>
      <node id="56" type="1">
        <cx>25.79</cx>
        <cy>55.01</cy>
      </node>
      <node id="57" type="1">
        <cx>73.02</cx>
        <cy>17.95</cy>
      </node>
      <node id="58" type="1">
        <cx>51.04</cx>
        <cy>38.38</cy>
      </node>
      <node id="59" type="1">
        <cx>58.41</cx>
        <cy>31.33</cy>
      </node>
      <node id="60" type="1">
        <cx>74.31</cx>
        <cy>97.17</cy>
      </node>
      <node id="61" type="1">
        <cx>46.39</cx>
        <cy>36.28</cy>
      </node>
      <node id="62" type="1">
        <cx>49.55</cx>
        <cy>104.18</cy>
      </node>
      <node id="63" type="1">
        <cx>59.8</cx>
        <cy>33.12</cy>
      </node>
      <node id="64" type="1">
        <cx>82.35</cx>
        <cy>99.99</cy>
      </node>
      <node id="65" type="1">
        <cx>55.92</cx>
        <cy>86.37</cy>
      </node>
      <node id="66" type="1">
        <cx>21.1</cx>
        <cy>78.34</cy>
      </node>
      <node id="67" type="1">
        <cx>62.68</cx>
        <cy>51.88</cy>
      </node>
      <node id="68" type="1">
        <cx>77.58</cx>
        <cy>108.15</cy>
      </node>
      <node id="69" type="1">
        <cx>103.66</cx>
        <cy>39.82</cy>
      </node>
      <node id="70" type="1">
        <cx>81.79</cx>
        <cy>67.93</cy>
      </node>
      <node id="71" type="1">
        <cx>106.35</cx>
        <cy>25.39</cy>
      </node>
      <node id="72" type="1">
        <cx>106.93</cx>
        <cy>40.34</cy>
      </node>
      <node id="73" type="1">
        <cx>57.71</cx>
        <cy>104.99</cy>
      </node>
      <node id="74" type="1">
        <cx>119.35</cx>
        <cy>4.48</cy>
      </node>
      <node id="75" type="1">
        <cx>70.13</cx>
        <cy>60.44</cy>
      </node>
      <node id="76" type="1">
        <cx>96.76</cx>
        <cy>112.78</cy>
      </node>
      <node id="77" type="1">
        <cx>68.21</cx>
        <cy>16.95</cy>
      </node>
      <node id="78" type="1">
        <cx>74.41</cx>
        <cy>107.05</cy>
      </node>
      <node id="79" type="1">
        <cx>102.87</cx>
        <cy>102.83</cy>
      </node>
      <node id="80" type="1">
        <cx>104.92</cx>
        <cy>74.84</cy>
      </node>
      <node id="81" type="2">
        <cx>86.44</cx>
        <cy>57.92</cy>
        <custom>
          <cs_type>normal</cs_type>
        </custom>
      </node>
      <node id="82" type="2">
        <cx>94.91</cx>
        <cy>58.1</cy>
        <custom>
          <cs_type>normal</cs_type>
        </custom>
      </node>
      <node id="83" type="2">
        <cx>99.83</cx>
        <cy>47.31</cy>
        <custom>
          <cs_type>fast</cs_type>
        </custom>
      </node>
      <node id="84" type="2">
        <cx>74.05</cx>
        <cy>20.02</cy>
        <custom>
          <cs_type>slow</cs_type>
        </custom>
      </node>
      <node id="85" type="2">
        <cx>11.29</cx>
        <cy>90.57</cy>
        <custom>
          <cs_type>fast</cs_type>
        </custom>
      </node>
      <node id="86" type="2">
        <cx>16.91</cx>
        <cy>33.06</cy>
        <custom>
          <cs_type>fast</cs_type>
        </custom>
      </node>
      <node id="87" type="2">
        <cx>81.14</cx>
        <cy>96.74</cy>
        <custom>
          <cs_type>normal</cs_type>
        </custom>
      </node>
      <node id="88" type="2">
        <cx>64.14</cx>
        <cy>15.23</cy>
        <custom>
          <cs_type>fast</cs_type>
        </custom>
      </node>
    </nodes>
    <euclidean />
    <decimals>14</decimals>
  </network>
  <fleet>
    <vehicle_profile type="0">
      <departure_node>0</departure_node>
      <arrival_node>0</arrival_node>
      <max_travel_time>10</max_travel_time>
      <speed_factor>40</speed_factor>
      <custom>
        <consumption_rate>125</consumption_rate>
        <battery_capacity>16000</battery_capacity>
        <charging_functions>
          <function cs_type="fast">
            <breakpoint>
              <battery_level>0</battery_level>
              <charging_time>0.0</charging_time>
            </breakpoint>
            <breakpoint>
              <battery_level>13600</battery_level>
              <charging_time>0.31</charging_time>
            </breakpoint>
            <breakpoint>
              <battery_level>15200</battery_level>
              <charging_time>0.39</charging_time>
            </breakpoint>
            <breakpoint>
              <battery_level>16000</battery_level>
              <charging_time>0.51</charging_time>
            </breakpoint>
          </function>
          <function cs_type="normal">
            <breakpoint>
              <battery_level>0</battery_level>
              <charging_time>0.0</charging_time>
            </breakpoint>
            <breakpoint>
              <battery_level>13600</battery_level>
              <charging_time>0.62</charging_time>
            </breakpoint>
            <breakpoint>
              <battery_level>15200</battery_level>
              <charging_time>0.77</charging_time>
            </breakpoint>
            <breakpoint>
              <battery_level>16000</battery_level>
              <charging_time>1.01</charging_time>
            </breakpoint>
          </function>
          <function cs_type="slow">
            <breakpoint>
              <battery_level>0</battery_level>
              <charging_time>0.0</charging_time>
            </breakpoint>
            <breakpoint>
              <battery_level>13600</battery_level>
              <charging_time>1.26</charging_time>
            </breakpoint>
            <breakpoint>
              <battery_level>15200</battery_level>
              <charging_time>1.54</charging_time>
            </breakpoint>
            <breakpoint>
              <battery_level>16000</battery_level>
              <charging_time>2.04</charging_time>
            </breakpoint>
          </function>
        </charging_functions>
      </custom>
    </vehicle_profile>
  </fleet>
  <requests>
    <request id="1" node="1">
      <service_time>0.5</service_time>
    </request>
    <request id="2" node="2">
      <service_time>0.5</service_time>
    </request>
    <request id="3" node="3">
      <service_time>0.5</service_time>
    </request>
    <request id="4" node="4">
      <service_time>0.5</service_time>
    </request>
    <request id="5" node="5">
      <service_time>0.5</service_time>
    </request>
    <request id="6" node="6">
      <service_time>0.5</service_time>
    </request>
    <request id="7" node="7">
      <service_time>0.5</service_time>
    </request>
    <request id="8" node="8">
      <service_time>0.5</service_time>
    </request>
    <request id="9" node="9">
      <service_time>0.5</service_time>
    </request>
    <request id="10" node="10">
      <service_time>0.5</service_time>
    </request>
    <request id="11" node="11">
      <service_time>0.5</service_time>
    </request>
    <request id="12" node="12">
      <service_time>0.5</service_time>
    </request>
    <request id="13" node="13">
      <service_time>0.5</service_time>
    </request>
    <request id="14" node="14">
      <service_time>0.5</service_time>
    </request>
    <request id="15" node="15">
      <service_time>0.5</service_time>
    </request>
    <request id="16" node="16">
      <service_time>0.5</service_time>
    </request>
    <request id="17" node="17">
      <service_time>0.5</service_time>
    </request>
    <request id="18" node="18">
      <service_time>0.5</service_time>
    </request>
    <request id="19" node="19">
      <service_time>0.5</service_time>
    </request>
    <request id="20" node="20">
      <service_time>0.5</service_time>
    </request>
    <request id="21" node="21">
      <service_time>0.5</service_time>
    </request>
    <request id="22" node="22">
      <service_time>0.5</service_time>
    </request>
    <request id="23" node="23">
      <service_time>0.5</service_time>
    </request>
    <request id="24" node="24">
      <service_time>0.5</service_time>
    </request>
    <request id="25" node="25">
      <service_time>0.5</service_time>
    </request>
    <request id="26" node="26">
      <service_time>0.5</service_time>
    </request>
    <request id="27" node="27">
      <service_time>0.5</service_time>
    </request>
    <request id="28" node="28">
      <service_time>0.5</service_time>
    </request>
    <request id="29" node="29">
      <service_time>0.5</service_time>
    </request>
    <request id="30" node="30">
      <service_time>0.5</service_time>
    </request>
    <request id="31" node="31">
      <service_time>0.5</service_time>
    </request>
    <request id="32" node="32">
      <service_time>0.5</service_time>
    </request>
    <request id="33" node="33">
      <service_time>0.5</service_time>
    </request>
    <request id="34" node="34">
      <service_time>0.5</service_time>
    </request>
    <request id="35" node="35">
      <service_time>0.5</service_time>
    </request>
    <request id="36" node="36">
      <service_time>0.5</service_time>
    </request>
    <request id="37" node="37">
      <service_time>0.5</service_time>
    </request>
    <request id="38" node="38">
      <service_time>0.5</service_time>
    </request>
    <request id="39" node="39">
      <service_time>0.5</service_time>
    </request>
    <request id="40" node="40">
      <service_time>0.5</service_time>
    </request>
    <request id="41" node="41">
      <service_time>0.5</service_time>
    </request>
    <request id="42" node="42">
      <service_time>0.5</service_time>
    </request>
    <request id="43" node="43">
      <service_time>0.5</service_time>
    </request>
    <request id="44" node="44">
      <service_time>0.5</service_time>
    </request>
    <request id="45" node="45">
      <service_time>0.5</service_time>
    </request>
    <request id="46" node="46">
      <service_time>0.5</service_time>
    </request>
    <request id="47" node="47">
      <service_time>0.5</service_time>
    </request>
    <request id="48" node="48">
      <service_time>0.5</service_time>
    </request>
    <request id="49" node="49">
      <service_time>0.5</service_time>
    </request>
    <request id="50" node="50">
      <service_time>0.5</service_time>
    </request>
    <request id="51" node="51">
      <service_time>0.5</service_time>
    </request>
    <request id="52" node="52">
      <service_time>0.5</service_time>
    </request>
    <request id="53" node="53">
      <service_time>0.5</service_time>
    </request>
    <request id="54" node="54">
      <service_time>0.5</service_time>
    </request>
    <request id="55" node="55">
      <service_time>0.5</service_time>
    </request>
    <request id="56" node="56">
      <service_time>0.5</service_time>
    </request>
    <request id="57" node="57">
      <service_time>0.5</service_time>
    </request>
    <request id="58" node="58">
      <service_time>0.5</service_time>
    </request>
    <request id="59" node="59">
      <service_time>0.5</service_time>
    </request>
    <request id="60" node="60">
      <service_time>0.5</service_time>
    </request>
    <request id="61" node="61">
      <service_time>0.5</service_time>
    </request>
    <request id="62" node="62">
      <service_time>0.5</service_time>
    </request>
    <request id="63" node="63">
      <service_time>0.5</service_time>
    </request>
    <request id="64" node="64">
      <service_time>0.5</service_time>
    </request>
    <request id="65" node="65">
      <service_time>0.5</service_time>
    </request>
    <request id="66" node="66">
      <service_time>0.5</service_time>
    </request>
    <request id="67" node="67">
      <service_time>0.5</service_time>
    </request>
    <request id="68" node="68">
      <service_time>0.5</service_time>
    </request>
    <request id="69" node="69">
      <service_time>0.5</service_time>
    </request>
    <request id="70" node="70">
      <service_time>0.5</service_time>
    </request>
    <request id="71" node="71">
      <service_time>0.5</service_time>
    </request>
    <request id="72" node="72">
      <service_time>0.5</service_time>
    </request>
    <request id="73" node="73">
      <service_time>0.5</service_time>
    </request>
    <request id="74" node="74">
      <service_time>0.5</service_time>
    </request>
    <request id="75" node="75">
      <service_time>0.5</service_time>
    </request>
    <request id="76" node="76">
      <service_time>0.5</service_time>
    </request>
    <request id="77" node="77">
      <service_time>0.5</service_time>
    </request>
    <request id="78" node="78">
      <service_time>0.5</service_time>
    </request>
    <request id="79" node="79">
      <service_time>0.5</service_time>
    </request>
    <request id="80" node="80">
      <service_time>0.5</service_time>
    </request>
  </requests>
</instance>
