<?xml version="1.0" encoding="UTF-8"?>
<instance>
  <info>
    <dataset>Montoya et al. 2016</dataset>
    <name>tc1c20s4ct1</name>
  </info>
  <network>
    <nodes>
      <node id="0" type="0">
        <cx>64.61</cx>
        <cy>113.06</cy>
      </node>
      <node id="1" type="1">
        <cx>42.14</cx>
        <cy>108.64</cy>
      </node>
      <node id="2" type="1">
        <cx>44.26</cx>
        <cy>104.2</cy>
      </node>
      <node id="3" type="1">
        <cx>40.96</cx>
        <cy>103.65</cy>
      </node>
      <node id="4" type="1">
        <cx>39.3</cx>
        <cy>106.54</cy>
      </node>
      <node id="5" type="1">
        <cx>32.17</cx>
        <cy>56.55</cy>
      </node>
      <node id="6" type="1">
        <cx>35.46</cx>
        <cy>58.11</cy>
      </node>
      <node id="7" type="1">
        <cx>29.74</cx>
        <cy>61.46</cy>
      </node>
      <node id="8" type="1">
        <cx>31.34</cx>
        <cy>53.04</cy>
      </node>
      <node id="9" type="1">
        <cx>41.32</cx>
        <cy>77.72</cy>
      </node>
      <node id="10" type="1">
        <cx>40.65</cx>
        <cy>82.42</cy>
      </node>
      <node id="11" type="1">
        <cx>27.04</cx>
        <cy>102.13</cy>
      </node>
      <node id="12" type="1">
        <cx>77.68</cx>
        <cy>116.76</cy>
      </node>
      <node id="13" type="1">
        <cx>96.9</cx>
        <cy>101.46</cy>
      </node>
      <node id="14" type="1">
        <cx>52.45</cx>
        <cy>62.47</cy>
      </node>
      <node id="15" type="1">
        <cx>5.91</cx>
        <cy>101.34</cy>
      </node>
      <node id="16" type="1">
        <cx>101.74</cx>
        <cy>51.9</cy>
      </node>
      <node id="17" type="1">
        <cx>6.95</cx>
        <cy>91.16</cy>
      </node>
      <node id="18" type="1">
        <cx>68.35</cx>
        <cy>28.77</cy>
      </node>
      <node id="19" type="1">
        <cx>24.52</cx>
        <cy>83.18</cy>
      </node>
      <node id="20" type="1">
        <cx>11.05</cx>
        <cy>57.84</cy>
      </node>
      <node id="21" type="2">
        <cx>98.71</cx>
        <cy>7.75</cy>
        <custom>
          <cs_type>slow</cs_type>
        </custom>
      </node>
      <node id="22" type="2">
        <cx>41.45</cx>
        <cy>105.66</cy>
        <custom>
          <cs_type>slow</cs_type>
        </custom>
      </node>
      <node id="23" type="2">
        <cx>40.5</cx>
        <cy>103.17</cy>
        <custom>
          <cs_type>fast</cs_type>
        </custom>
      </node>
      <node id="24" type="2">
        <cx>95.45</cx>
        <cy>89.72</cy>
        <custom>
          <cs_type>fast</cs_type>
        </custom>
      </node>
    </nodes>
    <euclidean />
    <decimals>14</decimals>
  </network>
  <fleet>
    <vehicle_profile type="0">
      <departure_node>0</departure_node>
      <arrival_node>0</arrival_node>
      <max_travel_time>10</max_travel_time>
      <speed_factor>40</speed_factor>
      <custom>
        <consumption_rate>125</consumption_rate>
        <battery_capacity>16000</battery_capacity>
        <charging_functions>
          <function cs_type="fast">
            <breakpoint>
              <battery_level>0</battery_level>
              <charging_time>0.0</charging_time>
            </breakpoint>
            <breakpoint>
              <battery_level>13600</battery_level>
              <charging_time>0.31</charging_time>
            </breakpoint>
            <breakpoint>
              <battery_level>15200</battery_level>
              <charging_time>0.39</charging_time>
            </breakpoint>
            <breakpoint>
              <battery_level>16000</battery_level>
              <charging_time>0.51</charging_time>
            </breakpoint>
          </function>
          <function cs_type="slow">
            <breakpoint>
              <battery_level>0</battery_level>
              <charging_time>0.0</charging_time>
            </breakpoint>
            <breakpoint>
              <battery_level>13600</battery_level>
              <charging_time>1.26</charging_time>
            </breakpoint>
            <breakpoint>
              <battery_level>15200</battery_level>
              <charging_time>1.54</charging_time>
            </breakpoint>
            <breakpoint>
              <battery_level>16000</battery_level>
              <charging_time>2.04</charging_time>
            </breakpoint>
          </function>
        </charging_functions>
      </custom>
    </vehicle_profile>
  </fleet>
  <requests>
    <request id="1" node="1">
      <service_time>0.5</service_time>
    </request>
    <request id="2" node="2">
      <service_time>0.5</service_time>
    </request>
    <request id="3" node="3">
      <service_time>0.5</service_time>
    </request>
    <request id="4" node="4">
      <service_time>0.5</service_time>
    </request>
    <request id="5" node="5">
      <service_time>0.5</service_time>
    </request>
    <request id="6" node="6">
      <service_time>0.5</service_time>
    </request>
    <request id="7" node="7">
      <service_time>0.5</service_time>
    </request>
    <request id="8" node="8">
      <service_time>0.5</service_time>
    </request>
    <request id="9" node="9">
      <service_time>0.5</service_time>
    </request>
    <request id="10" node="10">
      <service_time>0.5</service_time>
    </request>
    <request id="11" node="11">
      <service_time>0.5</service_time>
    </request>
    <request id="12" node="12">
      <service_time>0.5</service_time>
    </request>
    <request id="13" node="13">
      <service_time>0.5</service_time>
    </request>
    <request id="14" node="14">
      <service_time>0.5</service_time>
    </request>
    <request id="15" node="15">
      <service_time>0.5</service_time>
    </request>
    <request id="16" node="16">
      <service_time>0.5</service_time>
    </request>
    <request id="17" node="17">
      <service_time>0.5</service_time>
    </request>
    <request id="18" node="18">
      <service_time>0.5</service_time>
    </request>
    <request id="19" node="19">
      <service_time>0.5</service_time>
    </request>
    <request id="20" node="20">
      <service_time>0.5</service_time>
    </request>
  </requests>
</instance>
