<?xml version="1.0" encoding="UTF-8"?>
<instance>
  <info>
    <dataset>Montoya et al. 2016</dataset>
    <name>tc2c40s5cf2</name>
  </info>
  <network>
    <nodes>
      <node id="0" type="0">
        <cx>19.37</cx>
        <cy>54.6</cy>
      </node>
      <node id="1" type="1">
        <cx>8.62</cx>
        <cy>92.46</cy>
      </node>
      <node id="2" type="1">
        <cx>11.19</cx>
        <cy>87.8</cy>
      </node>
      <node id="3" type="1">
        <cx>12.81</cx>
        <cy>90.84</cy>
      </node>
      <node id="4" type="1">
        <cx>83.61</cx>
        <cy>1.35</cy>
      </node>
      <node id="5" type="1">
        <cx>79.53</cx>
        <cy>1.58</cy>
      </node>
      <node id="6" type="1">
        <cx>84.9</cx>
        <cy>3.82</cy>
      </node>
      <node id="7" type="1">
        <cx>67.54</cx>
        <cy>86.08</cy>
      </node>
      <node id="8" type="1">
        <cx>72.4</cx>
        <cy>87.07</cy>
      </node>
      <node id="9" type="1">
        <cx>70.24</cx>
        <cy>89.44</cy>
      </node>
      <node id="10" type="1">
        <cx>29.78</cx>
        <cy>17.41</cy>
      </node>
      <node id="11" type="1">
        <cx>24.36</cx>
        <cy>15.16</cy>
      </node>
      <node id="12" type="1">
        <cx>32.98</cx>
        <cy>18.26</cy>
      </node>
      <node id="13" type="1">
        <cx>6.29</cx>
        <cy>59.49</cy>
      </node>
      <node id="14" type="1">
        <cx>2.01</cx>
        <cy>63.27</cy>
      </node>
      <node id="15" type="1">
        <cx>8.53</cx>
        <cy>64.25</cy>
      </node>
      <node id="16" type="1">
        <cx>75.49</cx>
        <cy>9.91</cy>
      </node>
      <node id="17" type="1">
        <cx>75.72</cx>
        <cy>8.82</cy>
      </node>
      <node id="18" type="1">
        <cx>76.25</cx>
        <cy>5.23</cy>
      </node>
      <node id="19" type="1">
        <cx>84.95</cx>
        <cy>34.11</cy>
      </node>
      <node id="20" type="1">
        <cx>83.36</cx>
        <cy>32.93</cy>
      </node>
      <node id="21" type="1">
        <cx>82.29</cx>
        <cy>31.78</cy>
      </node>
      <node id="22" type="1">
        <cx>14.37</cx>
        <cy>0.4</cy>
      </node>
      <node id="23" type="1">
        <cx>17.24</cx>
        <cy>4.15</cy>
      </node>
      <node id="24" type="1">
        <cx>15.4</cx>
        <cy>1.45</cy>
      </node>
      <node id="25" type="1">
        <cx>117.44</cx>
        <cy>54.88</cy>
      </node>
      <node id="26" type="1">
        <cx>113.56</cx>
        <cy>58.63</cy>
      </node>
      <node id="27" type="1">
        <cx>119.06</cx>
        <cy>59.92</cy>
      </node>
      <node id="28" type="1">
        <cx>61.5</cx>
        <cy>31.21</cy>
      </node>
      <node id="29" type="1">
        <cx>62.4</cx>
        <cy>29.19</cy>
      </node>
      <node id="30" type="1">
        <cx>61.02</cx>
        <cy>33.65</cy>
      </node>
      <node id="31" type="1">
        <cx>74.8</cx>
        <cy>99.92</cy>
      </node>
      <node id="32" type="1">
        <cx>79.01</cx>
        <cy>97.03</cy>
      </node>
      <node id="33" type="1">
        <cx>74.28</cx>
        <cy>96.04</cy>
      </node>
      <node id="34" type="1">
        <cx>108.87</cx>
        <cy>10.95</cy>
      </node>
      <node id="35" type="1">
        <cx>104.94</cx>
        <cy>14.01</cy>
      </node>
      <node id="36" type="1">
        <cx>107.09</cx>
        <cy>7.91</cy>
      </node>
      <node id="37" type="1">
        <cx>57.93</cx>
        <cy>113.45</cy>
      </node>
      <node id="38" type="1">
        <cx>61.3</cx>
        <cy>110.04</cy>
      </node>
      <node id="39" type="1">
        <cx>58.56</cx>
        <cy>112.73</cy>
      </node>
      <node id="40" type="1">
        <cx>112.85</cx>
        <cy>41.59</cy>
      </node>
      <node id="41" type="2">
        <cx>0.96</cx>
        <cy>15.04</cy>
        <custom>
          <cs_type>slow</cs_type>
        </custom>
      </node>
      <node id="42" type="2">
        <cx>24.83</cx>
        <cy>54.41</cy>
        <custom>
          <cs_type>normal</cs_type>
        </custom>
      </node>
      <node id="43" type="2">
        <cx>89.55</cx>
        <cy>45.09</cy>
        <custom>
          <cs_type>normal</cs_type>
        </custom>
      </node>
      <node id="44" type="2">
        <cx>52.38</cx>
        <cy>36.22</cy>
        <custom>
          <cs_type>slow</cs_type>
        </custom>
      </node>
      <node id="45" type="2">
        <cx>92.42</cx>
        <cy>99.71</cy>
        <custom>
          <cs_type>normal</cs_type>
        </custom>
      </node>
    </nodes>
    <euclidean />
    <decimals>14</decimals>
  </network>
  <fleet>
    <vehicle_profile type="0">
      <departure_node>0</departure_node>
      <arrival_node>0</arrival_node>
      <max_travel_time>10</max_travel_time>
      <speed_factor>40</speed_factor>
      <custom>
        <consumption_rate>125</consumption_rate>
        <battery_capacity>16000</battery_capacity>
        <charging_functions>
          <function cs_type="normal">
            <breakpoint>
              <battery_level>0</battery_level>
              <charging_time>0.0</charging_time>
            </breakpoint>
            <breakpoint>
              <battery_level>13600</battery_level>
              <charging_time>0.62</charging_time>
            </breakpoint>
            <breakpoint>
              <battery_level>15200</battery_level>
              <charging_time>0.77</charging_time>
            </breakpoint>
            <breakpoint>
              <battery_level>16000</battery_level>
              <charging_time>1.01</charging_time>
            </breakpoint>
          </function>
          <function cs_type="slow">
            <breakpoint>
              <battery_level>0</battery_level>
              <charging_time>0.0</charging_time>
            </breakpoint>
            <breakpoint>
              <battery_level>13600</battery_level>
              <charging_time>1.26</charging_time>
            </breakpoint>
            <breakpoint>
              <battery_level>15200</battery_level>
              <charging_time>1.54</charging_time>
            </breakpoint>
            <breakpoint>
              <battery_level>16000</battery_level>
              <charging_time>2.04</charging_time>
            </breakpoint>
          </function>
        </charging_functions>
      </custom>
    </vehicle_profile>
  </fleet>
  <requests>
    <request id="1" node="1">
      <service_time>0.5</service_time>
    </request>
    <request id="2" node="2">
      <service_time>0.5</service_time>
    </request>
    <request id="3" node="3">
      <service_time>0.5</service_time>
    </request>
    <request id="4" node="4">
      <service_time>0.5</service_time>
    </request>
    <request id="5" node="5">
      <service_time>0.5</service_time>
    </request>
    <request id="6" node="6">
      <service_time>0.5</service_time>
    </request>
    <request id="7" node="7">
      <service_time>0.5</service_time>
    </request>
    <request id="8" node="8">
      <service_time>0.5</service_time>
    </request>
    <request id="9" node="9">
      <service_time>0.5</service_time>
    </request>
    <request id="10" node="10">
      <service_time>0.5</service_time>
    </request>
    <request id="11" node="11">
      <service_time>0.5</service_time>
    </request>
    <request id="12" node="12">
      <service_time>0.5</service_time>
    </request>
    <request id="13" node="13">
      <service_time>0.5</service_time>
    </request>
    <request id="14" node="14">
      <service_time>0.5</service_time>
    </request>
    <request id="15" node="15">
      <service_time>0.5</service_time>
    </request>
    <request id="16" node="16">
      <service_time>0.5</service_time>
    </request>
    <request id="17" node="17">
      <service_time>0.5</service_time>
    </request>
    <request id="18" node="18">
      <service_time>0.5</service_time>
    </request>
    <request id="19" node="19">
      <service_time>0.5</service_time>
    </request>
    <request id="20" node="20">
      <service_time>0.5</service_time>
    </request>
    <request id="21" node="21">
      <service_time>0.5</service_time>
    </request>
    <request id="22" node="22">
      <service_time>0.5</service_time>
    </request>
    <request id="23" node="23">
      <service_time>0.5</service_time>
    </request>
    <request id="24" node="24">
      <service_time>0.5</service_time>
    </request>
    <request id="25" node="25">
      <service_time>0.5</service_time>
    </request>
    <request id="26" node="26">
      <service_time>0.5</service_time>
    </request>
    <request id="27" node="27">
      <service_time>0.5</service_time>
    </request>
    <request id="28" node="28">
      <service_time>0.5</service_time>
    </request>
    <request id="29" node="29">
      <service_time>0.5</service_time>
    </request>
    <request id="30" node="30">
      <service_time>0.5</service_time>
    </request>
    <request id="31" node="31">
      <service_time>0.5</service_time>
    </request>
    <request id="32" node="32">
      <service_time>0.5</service_time>
    </request>
    <request id="33" node="33">
      <service_time>0.5</service_time>
    </request>
    <request id="34" node="34">
      <service_time>0.5</service_time>
    </request>
    <request id="35" node="35">
      <service_time>0.5</service_time>
    </request>
    <request id="36" node="36">
      <service_time>0.5</service_time>
    </request>
    <request id="37" node="37">
      <service_time>0.5</service_time>
    </request>
    <request id="38" node="38">
      <service_time>0.5</service_time>
    </request>
    <request id="39" node="39">
      <service_time>0.5</service_time>
    </request>
    <request id="40" node="40">
      <service_time>0.5</service_time>
    </request>
  </requests>
</instance>
